-- phpMyAdmin SQL Dump
-- version 4.0.10deb1
-- http://www.phpmyadmin.net
--
-- Host: localhost
-- Generation Time: Feb 14, 2017 at 11:34 AM
-- Server version: 5.5.53-0ubuntu0.14.04.1
-- PHP Version: 5.5.9-1ubuntu4.20

SET SQL_MODE = "NO_AUTO_VALUE_ON_ZERO";
SET time_zone = "+00:00";


/*!40101 SET @OLD_CHARACTER_SET_CLIENT=@@CHARACTER_SET_CLIENT */;
/*!40101 SET @OLD_CHARACTER_SET_RESULTS=@@CHARACTER_SET_RESULTS */;
/*!40101 SET @OLD_COLLATION_CONNECTION=@@COLLATION_CONNECTION */;
/*!40101 SET NAMES utf8 */;

--
-- Database: `docdb`
--

-- --------------------------------------------------------

--
-- Table structure for table `tb_academic`
--

CREATE TABLE IF NOT EXISTS `tb_academic` (
  `id_academic` int(10) NOT NULL AUTO_INCREMENT,
  `pre_academic` varchar(50) CHARACTER SET utf8 COLLATE utf8_bin NOT NULL,
  `firstname_academic` varchar(100) CHARACTER SET utf8 COLLATE utf8_bin NOT NULL,
  `lastname_academic` varchar(100) CHARACTER SET utf8 COLLATE utf8_bin NOT NULL,
  PRIMARY KEY (`id_academic`)
) ENGINE=InnoDB  DEFAULT CHARSET=latin1 AUTO_INCREMENT=32 ;

--
-- Dumping data for table `tb_academic`
--

INSERT INTO `tb_academic` (`id_academic`, `pre_academic`, `firstname_academic`, `lastname_academic`) VALUES
(1, '', 'บวรศิลป์', 'เชาว์ชื่น'),
(2, '', 'ไชยวิทย์', 'ธนไพศาล'),
(3, '', 'ปรารถนา', 'เชาว์ชื่น'),
(4, '', 'สมศักดิ์', 'กิจสหวงศ์'),
(5, '', 'เบญจมาศ', 'พระธานี'),
(6, '', 'จารุณี', 'รัตนยาติกุล'),
(7, '', 'นิรมล', 'พัจนสุนทร'),
(8, '', 'รัตนา', 'ดวงฤดีสวัสดิ์'),
(9, '', 'สุธีรา', 'ประดับวงษ์'),
(10, '', 'กมลวรรณ', 'เจนวิถีสุข'),
(11, '', 'พลากร', 'สุรกุลประภา'),
(12, '', 'ถวัลย์วงค์', 'รัตนสิริ'),
(13, '', 'วิชัย', 'ชี้เจริญ'),
(14, '', 'Keith', 'Godfrey'),
(15, '', 'ผกาพรรณ', 'เกียรติชูสกุล'),
(16, '', 'ศิรินารถ', 'ศรีกาญจนเพริศ'),
(17, '', 'ธีระพร', 'รัตนาเอนกชัย'),
(18, '', 'กฤษณา', 'เลิศสุขประเสริฐ'),
(19, '', 'วิมลรัตน์', 'กฤษณะประกรกิจ'),
(20, '', 'สุชาติ', 'อารีมิตร'),
(21, '', 'มณฑล', 'เมฆอนันต์ธวัช'),
(22, '', 'สงวนศักดิ์', 'ธนาวิรัตนานิจ'),
(23, '', 'สุปราณี', 'เทวินบุรานุวงศ์'),
(24, '', 'พรรณรัตน์', 'มณีรัตนรังษี'),
(25, '', 'อรอุมา', 'อังวราวงศ์'),
(26, '', 'มนเทียร', 'มโนสุดประสิทธิ์'),
(27, '', 'วรัญญู', 'คงกันกง'),
(28, '', 'ดาราวรรณ', 'อักษรวรรณ'),
(29, '', 'รุ่งทิวา', 'รินทรานุรักษ์'),
(30, '', 'ดวงใจ', 'สุคนธมาน'),
(31, '', 'เบญจพร', 'นิตินาวาการ');

-- --------------------------------------------------------

--
-- Table structure for table `tb_academic_activities`
--

CREATE TABLE IF NOT EXISTS `tb_academic_activities` (
  `id_academic_activities` int(11) NOT NULL AUTO_INCREMENT,
  `detail_academic_activities` varchar(100) CHARACTER SET utf8 COLLATE utf8_bin NOT NULL,
  PRIMARY KEY (`id_academic_activities`)
) ENGINE=InnoDB  DEFAULT CHARSET=latin1 AUTO_INCREMENT=10 ;

--
-- Dumping data for table `tb_academic_activities`
--

INSERT INTO `tb_academic_activities` (`id_academic_activities`, `detail_academic_activities`) VALUES
(1, 'วิทยากรในประเทศ'),
(2, 'วิทยากรต่างประเทศ'),
(3, 'ประชุมวิชาการในประเทศ'),
(4, 'ประชุมวิชาการต่างประเทศ'),
(5, 'ประชุมอื่นๆ'),
(6, 'อบรม/ดูงานในประเทศ'),
(7, 'อบรม/ดูงานต่างประเทศ'),
(8, 'บริการวิชาการ'),
(9, 'ศิลปวัฒนธรรม');

-- --------------------------------------------------------

--
-- Table structure for table `tb_circle`
--

CREATE TABLE IF NOT EXISTS `tb_circle` (
  `id_circle` int(11) NOT NULL AUTO_INCREMENT,
  `id_header` int(10) NOT NULL,
  `id_factory` int(10) NOT NULL,
  `id_main1` int(10) NOT NULL,
  `dmy_record` date NOT NULL,
  PRIMARY KEY (`id_circle`)
) ENGINE=InnoDB  DEFAULT CHARSET=latin1 AUTO_INCREMENT=249 ;

--
-- Dumping data for table `tb_circle`
--

INSERT INTO `tb_circle` (`id_circle`, `id_header`, `id_factory`, `id_main1`, `dmy_record`) VALUES
(242, 2, 4, 171, '2017-02-10'),
(243, 2, 4, 173, '2017-02-10'),
(244, 2, 4, 173, '2017-02-10'),
(245, 2, 6, 166, '2017-02-14'),
(246, 6, 7, 166, '2017-02-14'),
(247, 2, 3, 185, '2017-02-14'),
(248, 1, 4, 185, '2017-02-14');

-- --------------------------------------------------------

--
-- Table structure for table `tb_factory`
--

CREATE TABLE IF NOT EXISTS `tb_factory` (
  `id_factory` int(11) NOT NULL AUTO_INCREMENT,
  `name_factory` varchar(200) CHARACTER SET utf32 COLLATE utf32_bin NOT NULL,
  PRIMARY KEY (`id_factory`)
) ENGINE=InnoDB  DEFAULT CHARSET=latin1 AUTO_INCREMENT=10 ;

--
-- Dumping data for table `tb_factory`
--

INSERT INTO `tb_factory` (`id_factory`, `name_factory`) VALUES
(1, 'คณะแพทยศาสตร์'),
(2, 'โรงพยาบาลศรีนครินทร์'),
(3, 'คณะทันตแพทยศาสตร์'),
(4, 'ภาควิชาศัลยศาสตร์'),
(5, 'งานนโยบายและแผน'),
(6, 'รองคณบดีฝ่ายวางแผนฯ'),
(7, 'คณะสาธารณสุขศาสตร์'),
(8, 'บัณฑิตวิทยาลัย'),
(9, 'สำนักงานอธิการบดี');

-- --------------------------------------------------------

--
-- Table structure for table `tb_header`
--

CREATE TABLE IF NOT EXISTS `tb_header` (
  `id_header` int(11) NOT NULL AUTO_INCREMENT,
  `name_header` varchar(200) CHARACTER SET utf32 COLLATE utf32_bin NOT NULL,
  `list_header` varchar(200) CHARACTER SET utf32 COLLATE utf32_bin NOT NULL,
  PRIMARY KEY (`id_header`)
) ENGINE=InnoDB  DEFAULT CHARSET=latin1 AUTO_INCREMENT=28 ;

--
-- Dumping data for table `tb_header`
--

INSERT INTO `tb_header` (`id_header`, `name_header`, `list_header`) VALUES
(1, 'คณะบดีคณะแพทยศาสตร์', ''),
(2, 'หัวหน้าภาควิชา โสต สอ นาสิกฯ', ''),
(3, 'หัวหน้าภาควิชาสูติ-นรีเวช', ''),
(4, 'หัวหน้าภาควิชารังสีวิทยา', ''),
(5, 'หัวหน้าภาควิชากุมารเวชศาสตร์', ''),
(6, 'หัวหน้าภาควิชาจิตเวชศาสตร์', ''),
(7, 'หัวหน้าภาควิชาวิสัญญ์วิทยา', ''),
(8, 'หัวหน้าภาควิชาศัลยศาสตร์', ''),
(9, 'ผู้อำนวยการโรงพยาบาลศรีนครินทร์', ''),
(10, 'รองผู้อำนวยการฝ่ายบริการทางการแพทย์', ''),
(11, 'รองผู้อำนวยการฝ่ายสารสนเทศ', ''),
(12, 'รองผู้อำนวยการฝ่ายแผนและบริหารความเสี่ยง', ''),
(13, 'รองผู้อำนวยการฝ่ายพัฒนาคุณภาพโรงพยาบาล', ''),
(14, 'หัวหน้างานบริการพยาบาล', ''),
(15, 'ผู้ตรวจการแผนการพยาบาลศัลยกรรมและออร์โธปิดิกส์', ''),
(16, 'ผู้ตรวจการแผนกการพยาบาลห้องผ่าตัด', ''),
(17, 'หัวหน้าผู้ป่วยนอก', ''),
(18, 'ผู้ตรวจการแผนกการพยาบาลสูติ-นรีเวชกรรม', ''),
(19, 'ผู้ตรวจการแผนกการพยาบาลกุมารเวชกรรม', ''),
(20, 'ผู้ตรวจการแผนกการพยาบาลศัลยกรรม', ''),
(21, 'หัวหน้างานสังคมสงเคราะห์', ''),
(22, 'คณะบดีคณะทันตแพทยศาสตร์', ''),
(23, 'ผู้อำนวยการโรงพยาบาลทันตกรรม', ''),
(24, 'หัวหน้าภาควิชาทันตกรรมจัดฟัน', ''),
(25, 'หัวหน้าภาควิชาทันตกรรมสำหรับเด็ก', ''),
(26, 'หัวหน้าภาควิชาศัลยศาสตร์ช่องปากและกระดูกขากรรไกร', ''),
(27, 'รศ.กมลวรรณ  เจนวิถีสุข', '');

-- --------------------------------------------------------

--
-- Table structure for table `tb_main1`
--

CREATE TABLE IF NOT EXISTS `tb_main1` (
  `id_main1` int(11) NOT NULL AUTO_INCREMENT,
  `registration` varchar(50) COLLATE utf8_bin NOT NULL,
  `at` text COLLATE utf8_bin NOT NULL,
  `date` date NOT NULL,
  `from` text COLLATE utf8_bin NOT NULL,
  `to` text COLLATE utf8_bin NOT NULL,
  `subject` text COLLATE utf8_bin NOT NULL,
  `practice` text COLLATE utf8_bin NOT NULL,
  `note` text COLLATE utf8_bin NOT NULL,
  `type_record` int(1) NOT NULL,
  `filename` text COLLATE utf8_bin NOT NULL,
  `type_document` int(2) NOT NULL,
  PRIMARY KEY (`id_main1`)
) ENGINE=InnoDB  DEFAULT CHARSET=utf8 COLLATE=utf8_bin AUTO_INCREMENT=190 ;

--
-- Dumping data for table `tb_main1`
--

INSERT INTO `tb_main1` (`id_main1`, `registration`, `at`, `date`, `from`, `to`, `subject`, `practice`, `note`, `type_record`, `filename`, `type_document`) VALUES
(78, '1249', 'FPST039-03', '2017-11-10', 'ประธานโครงการรางวัลนักเทคโลยีดีเด่น', 'ผอ.ศูนย์วิจัย', 'ขอความร่วมมือในการประชาสัมพันธ์และเสนอชื่อผู้สมควรได้รับรางวัลนักเทคโนโลยีดีเด่นประจำปีพ.ศ.2560', '', '', 2, 'scan0001.jpg', 1),
(79, 'ศธ0514.7.1.2.3.4.1/4156', '', '2017-01-26', 'สุธีรา  ประดับวงษ์', 'ผอ.ศูนย์วิจัยฯ', 'ขออนุมัติยืมและเบิกจ่ายเงินบัญชีทุนผู้ช่วยวิจัยฯ', '', '', 2, '', 2),
(125, '1250', '', '0000-00-00', '', '', '', '', '', 2, '', 1),
(156, '1253', '', '0000-00-00', '', '', '', '', '', 2, '', 1),
(158, '1346', '', '0000-00-00', '', '', '', '', '', 3, '', 1),
(161, '1254', 'ศธ0514.7.2.19/187', '2017-02-03', 'อ.พญ.พรรณธิพา ต้นสวรรค์', 'ผู้อำนวยการศูนย์วิจัยผู้ป่วยปากแหว่ง เพดานโหว่ฯ', 'แจ้งความประสงค์ตีพิมพ์บทความลงในวารสารจดหมายเหตุทางแพทย์', '', '', 2, '1254.pdf', 1),
(162, '1255', 'พร 0032.2/1710', '2017-02-03', 'ผู้อำนวยการโรงพยาบาลแพร่', 'ผู้อำนวยการศูนย์วิจัยผู้ป่วยปากแหว่ง เพดานโหว่ฯ', 'ตอบขอบคุณ', '', '', 2, '1255.pdf', 1),
(163, '1256', 'นว.0032.1/806', '2017-02-03', 'ผู้อำนวยการโรงพยาบาลสวรรค์ประชารักษ์ จังหวัดนครสวรรค์', 'ผู้อำนวยการศูนย์วิจัยผู้ป่วยปากแหว่ง เพดานโหว่ฯ', 'ตอบรับหนังสือ', '', '', 2, '1256.pdf', 1),
(164, '2074', 'อต 0032.103.3/01088', '2017-01-24', 'โรงพยาบาลอุตรดิตถ์', 'ผู้อำนวยการศูนย์ตะวันฉาย', 'ตอบรับหนังสือ', 'นางสาวภาวิณี รูปพรม', '', 1, '', 1),
(165, '2075', 'ศธ0517.06/714', '2017-01-26', 'คณะแพทยศาสตร์โรงพยาบาลรามาธิดี สำนักการศึกษา งานบริหารทรัพยากรการเรียนรู้ (ห้องสมุด)', 'ศาสตราจารย์นายแพทย์บวรศิลป์ เชาวน์ชื่น', 'ตอบขอบคุณ', 'นางสาวภาวิณี รูปพรม', '', 1, '', 1),
(166, 'ตวฉ/2090', '', '2017-02-03', 'ประธานมูลนิธิตะวันฉาย', 'ท่านสุนทร  อรุณานนท์ชัย', 'ขอขอบพระคุณ', 'ส่ง ปณ.', '', 1, '', 2),
(167, 'ศธ0514.7.1.2.3.4/1347', '', '2017-02-02', 'ผู้อำนวยการศูนย์การดูแลผู้ป่วยปากแหว่งฯ', 'ทีมสหสาขาวิทยาการ', 'ขอเรียนเชิญเข้าร่วมกิจกรรมวิชาการและตรวจประเมินผู้ป่วยในวัน Cleft & Craniofacial Clinic', '', '', 3, '', 2),
(168, 'ศธ0514.7.1.2.3.4/1348', '', '2017-02-02', 'ผู้อำนวยการศูนย์การดูแลผู้ป่วยปากแหว่งฯ', 'หัวหน้าภาควิชาทันตกรรมจัดฟัน คณะแพทยศาสตร์', 'ขออนุมัติบุคลากรในสังกัดของท่านเป็นวิทยากร และตรวจประเมินผู้ป่วยในวัน Cleft & Craniofacial Clinic', '', '', 3, '', 2),
(169, '2076', 'ลช.นภ28/2560', '2017-02-06', 'นายกเหล่ากาชาดจังหวัดหนองบัวลำภู', 'ประธานกรรมการมูลนิธิตะวันฉายฯ และผู้อำนวยการศูนย์ตะวันฉาย', 'ตอบขอบคุณ', '', '', 1, '2076.pdf', 1),
(170, 'ศธ0514.7.1.2.3.4.1/4157', '', '2017-02-06', 'รอง.ผอ.ฝ่ายวิจัย ศูนย์วิจัยฯ', 'หัวหน้าภาควิชาโสต ศอ นาสิกวิทยา', 'ขอเรียนเชิญเป็นวิทยากร โครงการ “การติดตามการเขียนโครงร่างวิจัยและบทความวิจัยเพื่อการตีพิมพ์ ประจำปี 2560” ระหว่างเดือนกุมภาพันธ์-เดือนเมษายน 2560 (ทุกบ่ายวันศุกร์ของสัปดาห์) เวลา 12.30-16.30 น. ณ ห้องประชุมศูนย์ตะวันฉาย', '', '', 2, '', 2),
(171, 'ศธ0514.7.1.2.3.4.1/4158', '', '2017-02-06', 'รอง.ผอ.ฝ่ายวิจัย ศูนย์วิจัยฯ', 'หัวหน้าหน่วยระบาดวิทยา', 'ขอเรียนเชิญเป็นวิทยากร โครงการ “การติดตามการเขียนโครงร่างวิจัยและบทความวิจัยเพื่อการตีพิมพ์ ประจำปี 2560” ระหว่างเดือนกุมภาพันธ์-เดือนเมษายน 2560 (ทุกบ่ายวันศุกร์ของสัปดาห์) เวลา 12.30-16.30 น. ณ ห้องประชุมศูนย์ตะวันฉาย', '', '', 2, '', 2),
(172, 'ศธ0514.7.1.2.3.4.1/4159', '', '2017-02-06', 'รอง.ผอ.ฝ่ายวิจัย ศูนย์วิจัยฯ', 'หัวหน้างานบริการพยาบาล รพ.ศรีนครินทร์', 'ขอเรียนเชิญเป็นวิทยากร โครงการ “การติดตามการเขียนโครงร่างวิจัยและบทความวิจัยเพื่อการตีพิมพ์ ประจำปี 2560” ระหว่างเดือนกุมภาพันธ์-เดือนเมษายน 2560 (ทุกบ่ายวันศุกร์ของสัปดาห์) เวลา 12.30-16.30 น. ณ ห้องประชุมศูนย์ตะวันฉาย', '', '', 2, '', 2),
(173, '2077', 'สปช.07-00092/2560', '2017-02-06', 'ผู้อำนวยการสมาคมพัฒนาประชากรและชุมชน', 'ประธานมูลนิธิตะวันฉาย', 'ขอเรียนเชิญร่วมเป็นเกียรติในงานพิธีมอบรางวัล โครงการ SET เชิดชูผู้ทำความดีเพื่อสังคม ประจำปี 2559', '', '', 1, '2077.pdf', 1),
(174, 'ศธ0514.7.1.2.3.4/1349', '', '2017-02-07', 'ประธานกรรมการมูลนิธิตะวันฉาย', 'นายแพทย์สมศักดิ์ อรรฆศิลป์ รองปลัดกระทรวงสาธารณสุข', 'ขอส่งรายงานผลการดำเนินโครงการ ความร่วมมือเพื่อผ่าตัดรักษาผู้ป่วย Cleft lip,cleft palate,burn scar contraction,hernia, and hand deformities ในภาคตะวันออกเฉียงเหนือ', '', '', 3, '', 2),
(175, 'ศธ0514.7.1.2.3.4/1350', '', '2017-02-07', 'ผู้อำนวยการศูนย์ตะวันฉาย และประธานกรรมการมูลนิธิตะวันฉายฯ', 'ผศ.ดร.เสาวมาศ คุณล้าน เถื่อนนาดี คณบดีคณะพยาบาลศาสตร์', 'ขอขอบคุณที่ให้เกียรติร่วมพิธีเปิดป้ายศูนย์สู่ความเป็นเลิศ', '', '', 3, '', 2),
(176, 'ศธ0514.7.1.2.3.4/1351', '', '2017-02-07', 'ผู้อำนวยการศูนย์ตะวันฉาย และประธานกรรมการมูลนิธิตะวันฉายฯ', 'รศ.ดร.พัชรี เจียรนัยกรู คณบดีคณะเทคนิคการแพทย์', 'ขอขอบคุณที่ให้เกียรติร่วมพิธีเปิดป้ายศูนย์สู่ความเป็นเลิศ', '', '', 3, '', 2),
(177, '1257', 'ยล 0032.102/2368', '2017-01-31', 'ผู้อำนวยการโรงพยาบาลยะลา', 'ผู้อำนวยการศูนย์วิจัยผู้ป่วยปากแหว่ง เพดานโหว่ฯ', 'ตอบขอบคุณ', '', '', 2, '1257.pdf', 1),
(178, '1258', 'อด 0032.1/948', '2017-01-30', 'ผู้อำนวยการโรงพยาบาลอุดรธานี', 'ผู้อำนวยการศูนย์วิจัยผู้ป่วยปากแหว่ง เพดานโหว่ฯ', 'ตอบขอบคุณ', '', '', 2, '1258.pdf', 1),
(179, '1259', 'ชบ 0032.1/1648', '2017-01-23', 'ผู้อำนวยการโรงพยาบาลชลบุรี', 'ผู้อำนวยการศูนย์วิจัยผู้ป่วยปากแหว่ง เพดานโหว่ฯ', 'ตอบขอบคุณ', '', '', 2, '1259.pdf', 1),
(180, 'ศธ0514.7.1.2.3.4.1/4160', '', '2017-02-07', 'รอง.ผอ.ฝ่ายวิจัย ศูนย์วิจัยฯ', 'นักวิจัยที่เข้าร่วมโครงการสัมมนาเชิงปฏิบัติการประจำปีงบประมาณ 2558-59 และนักวิจัยอื่นๆ', 'ขอเรียนเชิญเข้าร่วมโครงการ “การติดตามการเขียนโครงร่างวิจัยและบทความวิจัยเพื่อการตีพิมพ์ ประจำปี 2560”', '', '', 2, '', 2),
(181, '2078', 'ศธ 0514.1.45/75', '2017-02-06', 'คณบดีวิทยาลัยนานาชาติ มหาวิทยาลัยขอนแก่น', 'ประธานกรรมการมูลนิธิตะวันฉาย', 'ขอความอนุเคราะห์นำเสนอโครงการเพื่อสมทบทุนเงินบริจาคในนามมูลนิธิ', '', '', 1, '2078.pdf', 1),
(182, '1347', 'ศธ0514.7.1.2.3.4/ว.1347', '2017-02-02', 'ศูนย์การดูแลผู้ป่วยปากแหว่งเพดานโหว่ฯ', 'นางสุธีรา ประดับวงษ์', 'ขอเรียนเชิญเข้าร่วมกิจกรรมวิชาการและตรวจประเมินผู้ป่วยในวัน Cleft & Caraniofacial Clinic', 'นางสาวภาวิณี รูปพรม', '', 3, '', 1),
(183, '1348', 'ศธ0514.7.1.2.3.4.1/ว.4160', '2017-02-07', 'ศูนย์วิจัยผู้ป่วยปากแหว่งเพดานโหว่ฯ', 'นางสุธีรา ประดับวงษ์', 'ขอเรียนเชิญเข้าร่วมโครงการ "การติดตามการเขียนโครงร่างวิจัยและบทความวิจัยเพื่อการตีพิมพ์ ประจำปี 2560"', 'นางสาวภาวิณี รูปพรม', '', 3, '', 1),
(184, '2079', '-', '2017-02-07', 'วิทยาลัยนานาชาติ มหาวิทยาลัยขอนแก่น', 'ประธานกรรมการมูลนิธิฯ', 'ขอส่งโครงการ : KKUIC The Insider Season 3', 'นางสาวภาวิณี รูปพรม', '', 1, 'ใบปะหน้าประกอบการพิจารณาโครงการKKUIC THE INSIDCR ครั้งที่ 3.docx', 1),
(185, 'ศธ0514.7.1.2.3.4.1/4161', '', '2017-02-14', 'ผู้อำนวยการศูนย์วิจัยผู้ป่วยปากแหว่งฯ', 'อ.นพ.พรเทพ เกษมศิริ', 'ตอบรับบทความเข้าระบบการตีพิมพ์', '', '', 2, '', 2),
(186, '1260', 'ศธ 0514.10/ว.490', '2017-02-14', 'รองคณบดีฝ่ายวิจัย รักษาการแทนคณบดีบัณฑิตวิทยาลัย', 'ผู้อำนวยการศูนย์วิจัยผู้ป่วยปากแหว่ง เพดานโหว่ฯ', 'เชิญร่วมประชุมเสวนา เรื่อง แนวทางและเกณฑ์การพิจารณาทุนฝึกอบรมหลังปริญญาเอก', '', '', 2, '1260.pdf', 1),
(187, '1261', 'ศธ 0514.7.2.18/139/60', '2017-02-14', 'อ.ดร.นพ.ภาธร ภิรมย์ไชย', 'ผู้อำนวยการศูนย์วิจัยผู้ป่วยปากแหว่ง เพดานโหว่ฯ', 'แจ้งความประสงค์ตีพิมพ์บทความลงในวารสารจดหมายเหตุทางแพทย์ 2017', '', '', 2, '1261.pdf', 1),
(188, 'ศธ0514.7.1.2.3.4.1/4162', '', '2017-02-14', 'ผู้อำนวยการศูนย์วิจัยผู้ป่วยปากแหว่งฯ', 'รศ.สมศักดิ์ เทียมเก่า', 'ขอความอนุเคราะห์ตรวจสอบบทความเพื่อตีพิมพ์ในวารสารจดหมายเหตุทางแพทย์ฯ ฉบับพิเศษ 2017', '', '', 2, '', 2),
(189, 'ศธ0514.7.1.2.3.4.1/4163', '', '2017-02-14', 'ผู้อำนวยการศูนย์วิจัยผู้ป่วยปากแหว่งฯ', 'รศ.สงวนศักดิ์ ธนาวิรัตนานิจ', 'ขอความอนุเคราะห์ตรวจสอบบทความเพื่อตีพิมพ์ในวารสารจดหมายเหตุทางแพทย์ฯ ฉบับพิเศษ 2017', '', '', 2, '', 2);

-- --------------------------------------------------------

--
-- Table structure for table `tb_main_academic`
--

CREATE TABLE IF NOT EXISTS `tb_main_academic` (
  `id_main_academic` int(11) NOT NULL AUTO_INCREMENT,
  `id_firstname_academic` int(5) DEFAULT NULL,
  `id_activities` int(5) DEFAULT NULL,
  `begin_date` date DEFAULT NULL,
  `end_date` date DEFAULT NULL,
  `title` text CHARACTER SET utf8 COLLATE utf8_bin,
  `place` text CHARACTER SET utf8 COLLATE utf8_bin,
  `detail` text CHARACTER SET utf8 COLLATE utf8_bin,
  `expenses` int(10) DEFAULT NULL,
  `borrow` int(10) DEFAULT NULL,
  `note` text CHARACTER SET utf8 COLLATE utf8_bin NOT NULL,
  PRIMARY KEY (`id_main_academic`)
) ENGINE=InnoDB  DEFAULT CHARSET=latin1 AUTO_INCREMENT=6 ;

--
-- Dumping data for table `tb_main_academic`
--

INSERT INTO `tb_main_academic` (`id_main_academic`, `id_firstname_academic`, `id_activities`, `begin_date`, `end_date`, `title`, `place`, `detail`, `expenses`, `borrow`, `note`) VALUES
(1, 2, 6, '2017-01-06', '2017-01-31', 'หัวข้อ The 12 ht Khon kaen FESS course', 'ณ ห้องประชุมมิตรภาพ ชั้น 5', 'International course in advanced endoscopic sinus and skull base surgery: Handson dissection In fresh frozen cadavers', 300, 200, '--'),
(2, 9, 4, '2017-01-01', '2017-01-03', 'หัวข้อ The 12 ht Khon kaen FESS course & The 5th Khon Kaen', 'ณ ห้องประชุมมิตรภาพ ชั้น 3', 'International course in advanced endoscopic sinus and skull base surgery: Handson dissection In fresh frozen cadavers', 500, 400, '--'),
(4, 5, 3, '2017-01-25', '2017-01-31', 'ประชุมปรึกษาหารือแนวทางการเตรียมเลือดสำหรับเตรียมผ่าตัด', 'ณ ห้องประชุมคลังเลือดกลาง', 'ประชุมปรึกษาหารือแนวทางการเตรียมเลือดสำหรับเตรียมผ่าตัด', 0, 0, ''),
(5, 7, 3, '2017-01-17', '2017-01-20', '', '', '', 0, 0, '');

-- --------------------------------------------------------

--
-- Table structure for table `tb_type_record`
--

CREATE TABLE IF NOT EXISTS `tb_type_record` (
  `id_type_record` int(11) NOT NULL AUTO_INCREMENT,
  `detail_type_record` varchar(50) COLLATE utf8_bin NOT NULL,
  PRIMARY KEY (`id_type_record`)
) ENGINE=InnoDB  DEFAULT CHARSET=utf8 COLLATE=utf8_bin AUTO_INCREMENT=4 ;

--
-- Dumping data for table `tb_type_record`
--

INSERT INTO `tb_type_record` (`id_type_record`, `detail_type_record`) VALUES
(1, 'มูลนิธิตะวันฉายฯ'),
(2, 'ศูนย์วิจัยผู้่ป่วยปากแหว่งเพดานโหว่ฯ'),
(3, 'ศูนย์การดูแลผู้ป่วยปากแหว่งเพดานโหว่ฯ');

-- --------------------------------------------------------

--
-- Table structure for table `tb_user`
--

CREATE TABLE IF NOT EXISTS `tb_user` (
  `id_user` int(11) NOT NULL AUTO_INCREMENT,
  `username` varchar(20) COLLATE utf8_bin NOT NULL,
  `password` text COLLATE utf8_bin NOT NULL,
  `id_permission` int(2) NOT NULL,
  `firstname` varchar(30) COLLATE utf8_bin NOT NULL,
  `lastname` varchar(40) COLLATE utf8_bin NOT NULL,
  PRIMARY KEY (`id_user`)
) ENGINE=InnoDB  DEFAULT CHARSET=utf8 COLLATE=utf8_bin AUTO_INCREMENT=3 ;

--
-- Dumping data for table `tb_user`
--

INSERT INTO `tb_user` (`id_user`, `username`, `password`, `id_permission`, `firstname`, `lastname`) VALUES
(1, 'root', 'aabb2100033f0352fe7458e412495148', 1, 'jutturong', 'charoenrit'),
(2, 'client1', 'client1', 2, 'supachai', 'wongcheun');

/*!40101 SET CHARACTER_SET_CLIENT=@OLD_CHARACTER_SET_CLIENT */;
/*!40101 SET CHARACTER_SET_RESULTS=@OLD_CHARACTER_SET_RESULTS */;
/*!40101 SET COLLATION_CONNECTION=@OLD_COLLATION_CONNECTION */;
