-- phpMyAdmin SQL Dump
-- version 4.0.10deb1
-- http://www.phpmyadmin.net
--
-- Host: localhost
-- Generation Time: May 08, 2017 at 11:36 AM
-- Server version: 5.5.54-0ubuntu0.14.04.1
-- PHP Version: 5.5.9-1ubuntu4.21

SET SQL_MODE = "NO_AUTO_VALUE_ON_ZERO";
SET time_zone = "+00:00";


/*!40101 SET @OLD_CHARACTER_SET_CLIENT=@@CHARACTER_SET_CLIENT */;
/*!40101 SET @OLD_CHARACTER_SET_RESULTS=@@CHARACTER_SET_RESULTS */;
/*!40101 SET @OLD_COLLATION_CONNECTION=@@COLLATION_CONNECTION */;
/*!40101 SET NAMES utf8 */;

--
-- Database: `docdb`
--

-- --------------------------------------------------------

--
-- Table structure for table `tb_academic`
--

CREATE TABLE IF NOT EXISTS `tb_academic` (
  `id_academic` int(10) NOT NULL AUTO_INCREMENT,
  `pre_academic` varchar(50) CHARACTER SET utf8 COLLATE utf8_bin NOT NULL,
  `firstname_academic` varchar(100) CHARACTER SET utf8 COLLATE utf8_bin NOT NULL,
  `lastname_academic` varchar(100) CHARACTER SET utf8 COLLATE utf8_bin NOT NULL,
  `detail_header` varchar(100) CHARACTER SET utf8 COLLATE utf8_bin NOT NULL,
  PRIMARY KEY (`id_academic`)
) ENGINE=InnoDB  DEFAULT CHARSET=latin1 AUTO_INCREMENT=9 ;

--
-- Dumping data for table `tb_academic`
--

INSERT INTO `tb_academic` (`id_academic`, `pre_academic`, `firstname_academic`, `lastname_academic`, `detail_header`) VALUES
(1, '', 'บวรศิลป์', 'เชาวน์ชื่น', 'ผู้อำนวยการศูนย์ตะวันฉายฯ'),
(2, '', 'เบญจมาศ', 'พระธานี', ''),
(3, '', 'นิรมล', 'พัจนสุนทร', ''),
(4, '', 'ขนิษฐา ', 'วรธงชัย', ''),
(5, '', 'พูนศักดิ์', 'ภิเศก', ''),
(6, '', 'เก่งกาจ', 'วินัยโกศล', ''),
(7, '', 'ปัทมา', 'ปัญญาวงศ์', ''),
(8, '', 'สุธีรา', 'ประดับวงษ์', '');

-- --------------------------------------------------------

--
-- Table structure for table `tb_academic_activities`
--

CREATE TABLE IF NOT EXISTS `tb_academic_activities` (
  `id_academic_activities` int(11) NOT NULL AUTO_INCREMENT,
  `detail_academic_activities` varchar(100) CHARACTER SET utf8 COLLATE utf8_bin NOT NULL,
  PRIMARY KEY (`id_academic_activities`)
) ENGINE=InnoDB  DEFAULT CHARSET=latin1 AUTO_INCREMENT=10 ;

--
-- Dumping data for table `tb_academic_activities`
--

INSERT INTO `tb_academic_activities` (`id_academic_activities`, `detail_academic_activities`) VALUES
(1, 'วิทยากรในประเทศ'),
(2, 'วิทยากรต่างประเทศ'),
(3, 'ประชุมวิชาการในประเทศ'),
(4, 'ประชุมวิชาการต่างประเทศ'),
(5, 'ประชุมอื่นๆ'),
(6, 'อบรม/ดูงานในประเทศ'),
(7, 'อบรม/ดูงานต่างประเทศ'),
(8, 'บริการวิชาการ'),
(9, 'ศิลปวัฒนธรรม');

-- --------------------------------------------------------

--
-- Table structure for table `tb_circle`
--

CREATE TABLE IF NOT EXISTS `tb_circle` (
  `id_circle` int(11) NOT NULL AUTO_INCREMENT,
  `id_header` int(10) NOT NULL,
  `id_factory` int(10) NOT NULL,
  `id_main1` int(10) NOT NULL,
  `dmy_record` date NOT NULL,
  PRIMARY KEY (`id_circle`)
) ENGINE=InnoDB  DEFAULT CHARSET=latin1 AUTO_INCREMENT=249 ;

--
-- Dumping data for table `tb_circle`
--

INSERT INTO `tb_circle` (`id_circle`, `id_header`, `id_factory`, `id_main1`, `dmy_record`) VALUES
(242, 2, 4, 171, '2017-02-10'),
(243, 2, 4, 173, '2017-02-10'),
(244, 2, 4, 173, '2017-02-10'),
(245, 2, 6, 166, '2017-02-14'),
(246, 6, 7, 166, '2017-02-14'),
(247, 2, 3, 185, '2017-02-14'),
(248, 1, 4, 185, '2017-02-14');

-- --------------------------------------------------------

--
-- Table structure for table `tb_factory`
--

CREATE TABLE IF NOT EXISTS `tb_factory` (
  `id_factory` int(11) NOT NULL AUTO_INCREMENT,
  `name_factory` varchar(200) CHARACTER SET utf32 COLLATE utf32_bin NOT NULL,
  PRIMARY KEY (`id_factory`)
) ENGINE=InnoDB  DEFAULT CHARSET=latin1 AUTO_INCREMENT=10 ;

--
-- Dumping data for table `tb_factory`
--

INSERT INTO `tb_factory` (`id_factory`, `name_factory`) VALUES
(1, 'คณะแพทยศาสตร์'),
(2, 'โรงพยาบาลศรีนครินทร์'),
(3, 'คณะทันตแพทยศาสตร์'),
(4, 'ภาควิชาศัลยศาสตร์'),
(5, 'งานนโยบายและแผน'),
(6, 'รองคณบดีฝ่ายวางแผนฯ'),
(7, 'คณะสาธารณสุขศาสตร์'),
(8, 'บัณฑิตวิทยาลัย'),
(9, 'สำนักงานอธิการบดี');

-- --------------------------------------------------------

--
-- Table structure for table `tb_header`
--

CREATE TABLE IF NOT EXISTS `tb_header` (
  `id_header` int(11) NOT NULL AUTO_INCREMENT,
  `name_header` varchar(200) CHARACTER SET utf32 COLLATE utf32_bin NOT NULL,
  `list_header` varchar(200) CHARACTER SET utf32 COLLATE utf32_bin NOT NULL,
  PRIMARY KEY (`id_header`)
) ENGINE=InnoDB  DEFAULT CHARSET=latin1 AUTO_INCREMENT=28 ;

--
-- Dumping data for table `tb_header`
--

INSERT INTO `tb_header` (`id_header`, `name_header`, `list_header`) VALUES
(1, 'คณะบดีคณะแพทยศาสตร์', ''),
(2, 'หัวหน้าภาควิชา โสต สอ นาสิกฯ', ''),
(3, 'หัวหน้าภาควิชาสูติ-นรีเวช', ''),
(4, 'หัวหน้าภาควิชารังสีวิทยา', ''),
(5, 'หัวหน้าภาควิชากุมารเวชศาสตร์', ''),
(6, 'หัวหน้าภาควิชาจิตเวชศาสตร์', ''),
(7, 'หัวหน้าภาควิชาวิสัญญ์วิทยา', ''),
(8, 'หัวหน้าภาควิชาศัลยศาสตร์', ''),
(9, 'ผู้อำนวยการโรงพยาบาลศรีนครินทร์', ''),
(10, 'รองผู้อำนวยการฝ่ายบริการทางการแพทย์', ''),
(11, 'รองผู้อำนวยการฝ่ายสารสนเทศ', ''),
(12, 'รองผู้อำนวยการฝ่ายแผนและบริหารความเสี่ยง', ''),
(13, 'รองผู้อำนวยการฝ่ายพัฒนาคุณภาพโรงพยาบาล', ''),
(14, 'หัวหน้างานบริการพยาบาล', ''),
(15, 'ผู้ตรวจการแผนการพยาบาลศัลยกรรมและออร์โธปิดิกส์', ''),
(16, 'ผู้ตรวจการแผนกการพยาบาลห้องผ่าตัด', ''),
(17, 'หัวหน้าผู้ป่วยนอก', ''),
(18, 'ผู้ตรวจการแผนกการพยาบาลสูติ-นรีเวชกรรม', ''),
(19, 'ผู้ตรวจการแผนกการพยาบาลกุมารเวชกรรม', ''),
(20, 'ผู้ตรวจการแผนกการพยาบาลศัลยกรรม', ''),
(21, 'หัวหน้างานสังคมสงเคราะห์', ''),
(22, 'คณะบดีคณะทันตแพทยศาสตร์', ''),
(23, 'ผู้อำนวยการโรงพยาบาลทันตกรรม', ''),
(24, 'หัวหน้าภาควิชาทันตกรรมจัดฟัน', ''),
(25, 'หัวหน้าภาควิชาทันตกรรมสำหรับเด็ก', ''),
(26, 'หัวหน้าภาควิชาศัลยศาสตร์ช่องปากและกระดูกขากรรไกร', ''),
(27, 'รศ.กมลวรรณ  เจนวิถีสุข', '');

-- --------------------------------------------------------

--
-- Table structure for table `tb_main1`
--

CREATE TABLE IF NOT EXISTS `tb_main1` (
  `id_main1` int(11) NOT NULL AUTO_INCREMENT,
  `registration` varchar(50) COLLATE utf8_bin NOT NULL,
  `at` text COLLATE utf8_bin NOT NULL,
  `date` date NOT NULL,
  `from` text COLLATE utf8_bin NOT NULL,
  `to` text COLLATE utf8_bin NOT NULL,
  `subject` text COLLATE utf8_bin NOT NULL,
  `practice` text COLLATE utf8_bin NOT NULL,
  `note` text COLLATE utf8_bin NOT NULL,
  `type_record` int(1) NOT NULL,
  `filename` text COLLATE utf8_bin NOT NULL,
  `type_document` int(2) NOT NULL,
  `date_record` date NOT NULL,
  PRIMARY KEY (`id_main1`)
) ENGINE=InnoDB  DEFAULT CHARSET=utf8 COLLATE=utf8_bin AUTO_INCREMENT=579 ;

--
-- Dumping data for table `tb_main1`
--

INSERT INTO `tb_main1` (`id_main1`, `registration`, `at`, `date`, `from`, `to`, `subject`, `practice`, `note`, `type_record`, `filename`, `type_document`, `date_record`) VALUES
(78, '1249', 'FPST039-03', '2017-11-10', 'ประธานโครงการรางวัลนักเทคโลยีดีเด่น', 'ผอ.ศูนย์วิจัย', 'ขอความร่วมมือในการประชาสัมพันธ์และเสนอชื่อผู้สมควรได้รับรางวัลนักเทคโนโลยีดีเด่นประจำปีพ.ศ.2560', '', '', 2, 'scan0001.jpg', 1, '0000-00-00'),
(79, 'ศธ0514.7.1.2.3.4.1/4156', '', '2017-01-26', 'สุธีรา  ประดับวงษ์', 'ผอ.ศูนย์วิจัยฯ', 'ขออนุมัติยืมและเบิกจ่ายเงินบัญชีทุนผู้ช่วยวิจัยฯ', '', '', 2, '', 2, '0000-00-00'),
(125, '1250', '', '0000-00-00', '', '', '', '', '', 2, '', 1, '0000-00-00'),
(156, '1253', '', '0000-00-00', '', '', '', '', '', 2, '', 1, '0000-00-00'),
(158, '1346', '', '0000-00-00', '', '', '', '', '', 3, '', 1, '0000-00-00'),
(161, '1254', 'ศธ0514.7.2.19/187', '2017-02-03', 'อ.พญ.พรรณธิพา ต้นสวรรค์', 'ผู้อำนวยการศูนย์วิจัยผู้ป่วยปากแหว่ง เพดานโหว่ฯ', 'แจ้งความประสงค์ตีพิมพ์บทความลงในวารสารจดหมายเหตุทางแพทย์', '', '', 2, '1254.pdf', 1, '0000-00-00'),
(162, '1255', 'พร 0032.2/1710', '2017-02-03', 'ผู้อำนวยการโรงพยาบาลแพร่', 'ผู้อำนวยการศูนย์วิจัยผู้ป่วยปากแหว่ง เพดานโหว่ฯ', 'ตอบขอบคุณ', '', '', 2, '1255.pdf', 1, '0000-00-00'),
(163, '1256', 'นว.0032.1/806', '2017-02-03', 'ผู้อำนวยการโรงพยาบาลสวรรค์ประชารักษ์ จังหวัดนครสวรรค์', 'ผู้อำนวยการศูนย์วิจัยผู้ป่วยปากแหว่ง เพดานโหว่ฯ', 'ตอบรับหนังสือ', '', '', 2, '1256.pdf', 1, '0000-00-00'),
(164, '2074', 'อต 0032.103.3/01088', '2017-01-24', 'โรงพยาบาลอุตรดิตถ์', 'ผู้อำนวยการศูนย์ตะวันฉาย', 'ตอบรับหนังสือ', 'นางสาวภาวิณี รูปพรม', '', 1, '', 1, '0000-00-00'),
(165, '2075', 'ศธ0517.06/714', '2017-01-26', 'คณะแพทยศาสตร์โรงพยาบาลรามาธิดี สำนักการศึกษา งานบริหารทรัพยากรการเรียนรู้ (ห้องสมุด)', 'ศาสตราจารย์นายแพทย์บวรศิลป์ เชาวน์ชื่น', 'ตอบขอบคุณ', 'นางสาวภาวิณี รูปพรม', '', 1, '', 1, '0000-00-00'),
(166, 'ตวฉ/2090', '', '2017-02-03', 'ประธานมูลนิธิตะวันฉาย', 'ท่านสุนทร  อรุณานนท์ชัย', 'ขอขอบพระคุณ', 'ส่ง ปณ.', '', 1, '', 2, '0000-00-00'),
(167, 'ศธ0514.7.1.2.3.4/1347', '', '2017-02-02', 'ผู้อำนวยการศูนย์การดูแลผู้ป่วยปากแหว่งฯ', 'ทีมสหสาขาวิทยาการ', 'ขอเรียนเชิญเข้าร่วมกิจกรรมวิชาการและตรวจประเมินผู้ป่วยในวัน Cleft & Craniofacial Clinic', '', '', 3, '', 2, '0000-00-00'),
(168, 'ศธ0514.7.1.2.3.4/1348', '', '2017-02-02', 'ผู้อำนวยการศูนย์การดูแลผู้ป่วยปากแหว่งฯ', 'หัวหน้าภาควิชาทันตกรรมจัดฟัน คณะแพทยศาสตร์', 'ขออนุมัติบุคลากรในสังกัดของท่านเป็นวิทยากร และตรวจประเมินผู้ป่วยในวัน Cleft & Craniofacial Clinic', '', '', 3, '', 2, '0000-00-00'),
(169, '2076', 'ลช.นภ28/2560', '2017-02-06', 'นายกเหล่ากาชาดจังหวัดหนองบัวลำภู', 'ประธานกรรมการมูลนิธิตะวันฉายฯ และผู้อำนวยการศูนย์ตะวันฉาย', 'ตอบขอบคุณ', '', '', 1, '2076.pdf', 1, '0000-00-00'),
(170, 'ศธ0514.7.1.2.3.4.1/4157', '', '2017-02-06', 'รอง.ผอ.ฝ่ายวิจัย ศูนย์วิจัยฯ', 'หัวหน้าภาควิชาโสต ศอ นาสิกวิทยา', 'ขอเรียนเชิญเป็นวิทยากร โครงการ “การติดตามการเขียนโครงร่างวิจัยและบทความวิจัยเพื่อการตีพิมพ์ ประจำปี 2560” ระหว่างเดือนกุมภาพันธ์-เดือนเมษายน 2560 (ทุกบ่ายวันศุกร์ของสัปดาห์) เวลา 12.30-16.30 น. ณ ห้องประชุมศูนย์ตะวันฉาย', '', '', 2, '', 2, '0000-00-00'),
(171, 'ศธ0514.7.1.2.3.4.1/4158', '', '2017-02-06', 'รอง.ผอ.ฝ่ายวิจัย ศูนย์วิจัยฯ', 'หัวหน้าหน่วยระบาดวิทยา', 'ขอเรียนเชิญเป็นวิทยากร โครงการ “การติดตามการเขียนโครงร่างวิจัยและบทความวิจัยเพื่อการตีพิมพ์ ประจำปี 2560” ระหว่างเดือนกุมภาพันธ์-เดือนเมษายน 2560 (ทุกบ่ายวันศุกร์ของสัปดาห์) เวลา 12.30-16.30 น. ณ ห้องประชุมศูนย์ตะวันฉาย', '', '', 2, '', 2, '0000-00-00'),
(172, 'ศธ0514.7.1.2.3.4.1/4159', '', '2017-02-06', 'รอง.ผอ.ฝ่ายวิจัย ศูนย์วิจัยฯ', 'หัวหน้างานบริการพยาบาล รพ.ศรีนครินทร์', 'ขอเรียนเชิญเป็นวิทยากร โครงการ “การติดตามการเขียนโครงร่างวิจัยและบทความวิจัยเพื่อการตีพิมพ์ ประจำปี 2560” ระหว่างเดือนกุมภาพันธ์-เดือนเมษายน 2560 (ทุกบ่ายวันศุกร์ของสัปดาห์) เวลา 12.30-16.30 น. ณ ห้องประชุมศูนย์ตะวันฉาย', '', '', 2, '', 2, '0000-00-00'),
(173, '2077', 'สปช.07-00092/2560', '2017-02-06', 'ผู้อำนวยการสมาคมพัฒนาประชากรและชุมชน', 'ประธานมูลนิธิตะวันฉาย', 'ขอเรียนเชิญร่วมเป็นเกียรติในงานพิธีมอบรางวัล โครงการ SET เชิดชูผู้ทำความดีเพื่อสังคม ประจำปี 2559', '', '', 1, '2077.pdf', 1, '0000-00-00'),
(174, 'ศธ0514.7.1.2.3.4/1349', '', '2017-02-07', 'ประธานกรรมการมูลนิธิตะวันฉาย', 'นายแพทย์สมศักดิ์ อรรฆศิลป์ รองปลัดกระทรวงสาธารณสุข', 'ขอส่งรายงานผลการดำเนินโครงการ ความร่วมมือเพื่อผ่าตัดรักษาผู้ป่วย Cleft lip,cleft palate,burn scar contraction,hernia, and hand deformities ในภาคตะวันออกเฉียงเหนือ', '', '', 3, '', 2, '0000-00-00'),
(175, 'ศธ0514.7.1.2.3.4/1350', '', '2017-02-07', 'ผู้อำนวยการศูนย์ตะวันฉาย และประธานกรรมการมูลนิธิตะวันฉายฯ', 'ผศ.ดร.เสาวมาศ คุณล้าน เถื่อนนาดี คณบดีคณะพยาบาลศาสตร์', 'ขอขอบคุณที่ให้เกียรติร่วมพิธีเปิดป้ายศูนย์สู่ความเป็นเลิศ', '', '', 3, '', 2, '0000-00-00'),
(176, 'ศธ0514.7.1.2.3.4/1351', '', '2017-02-07', 'ผู้อำนวยการศูนย์ตะวันฉาย และประธานกรรมการมูลนิธิตะวันฉายฯ', 'รศ.ดร.พัชรี เจียรนัยกรู คณบดีคณะเทคนิคการแพทย์', 'ขอขอบคุณที่ให้เกียรติร่วมพิธีเปิดป้ายศูนย์สู่ความเป็นเลิศ', '', '', 3, '', 2, '0000-00-00'),
(177, '1257', 'ยล 0032.102/2368', '2017-01-31', 'ผู้อำนวยการโรงพยาบาลยะลา', 'ผู้อำนวยการศูนย์วิจัยผู้ป่วยปากแหว่ง เพดานโหว่ฯ', 'ตอบขอบคุณ', '', '', 2, '1257.pdf', 1, '0000-00-00'),
(178, '1258', 'อด 0032.1/948', '2017-01-30', 'ผู้อำนวยการโรงพยาบาลอุดรธานี', 'ผู้อำนวยการศูนย์วิจัยผู้ป่วยปากแหว่ง เพดานโหว่ฯ', 'ตอบขอบคุณ', '', '', 2, '1258.pdf', 1, '0000-00-00'),
(179, '1259', 'ชบ 0032.1/1648', '2017-01-23', 'ผู้อำนวยการโรงพยาบาลชลบุรี', 'ผู้อำนวยการศูนย์วิจัยผู้ป่วยปากแหว่ง เพดานโหว่ฯ', 'ตอบขอบคุณ', '', '', 2, '1259.pdf', 1, '0000-00-00'),
(180, 'ศธ0514.7.1.2.3.4.1/4160', '', '2017-02-07', 'รอง.ผอ.ฝ่ายวิจัย ศูนย์วิจัยฯ', 'นักวิจัยที่เข้าร่วมโครงการสัมมนาเชิงปฏิบัติการประจำปีงบประมาณ 2558-59 และนักวิจัยอื่นๆ', 'ขอเรียนเชิญเข้าร่วมโครงการ “การติดตามการเขียนโครงร่างวิจัยและบทความวิจัยเพื่อการตีพิมพ์ ประจำปี 2560”', '', '', 2, '', 2, '0000-00-00'),
(181, '2078', 'ศธ 0514.1.45/75', '2017-02-06', 'คณบดีวิทยาลัยนานาชาติ มหาวิทยาลัยขอนแก่น', 'ประธานกรรมการมูลนิธิตะวันฉาย', 'ขอความอนุเคราะห์นำเสนอโครงการเพื่อสมทบทุนเงินบริจาคในนามมูลนิธิ', '', '', 1, '2078.pdf', 1, '0000-00-00'),
(182, '1347', 'ศธ0514.7.1.2.3.4/ว.1347', '2017-02-02', 'ศูนย์การดูแลผู้ป่วยปากแหว่งเพดานโหว่ฯ', 'นางสุธีรา ประดับวงษ์', 'ขอเรียนเชิญเข้าร่วมกิจกรรมวิชาการและตรวจประเมินผู้ป่วยในวัน Cleft & Caraniofacial Clinic', 'นางสาวภาวิณี รูปพรม', '', 3, '', 1, '0000-00-00'),
(183, '1348', 'ศธ0514.7.1.2.3.4.1/ว.4160', '2017-02-07', 'ศูนย์วิจัยผู้ป่วยปากแหว่งเพดานโหว่ฯ', 'นางสุธีรา ประดับวงษ์', 'ขอเรียนเชิญเข้าร่วมโครงการ "การติดตามการเขียนโครงร่างวิจัยและบทความวิจัยเพื่อการตีพิมพ์ ประจำปี 2560"', 'นางสาวภาวิณี รูปพรม', '', 3, '', 1, '0000-00-00'),
(184, '2079', '-', '2017-02-07', 'วิทยาลัยนานาชาติ มหาวิทยาลัยขอนแก่น', 'ประธานกรรมการมูลนิธิฯ', 'ขอส่งโครงการ : KKUIC The Insider Season 3', 'นางสาวภาวิณี รูปพรม', '', 1, 'ใบปะหน้าประกอบการพิจารณาโครงการKKUIC THE INSIDCR ครั้งที่ 3.docx', 1, '0000-00-00'),
(185, 'ศธ0514.7.1.2.3.4.1/4161', '', '2017-02-14', 'ผู้อำนวยการศูนย์วิจัยผู้ป่วยปากแหว่งฯ', 'อ.นพ.พรเทพ เกษมศิริ', 'ตอบรับบทความเข้าระบบการตีพิมพ์', '', '', 2, '', 2, '0000-00-00'),
(186, '1260', 'ศธ 0514.10/ว.490', '2017-02-14', 'รองคณบดีฝ่ายวิจัย รักษาการแทนคณบดีบัณฑิตวิทยาลัย', 'ผู้อำนวยการศูนย์วิจัยผู้ป่วยปากแหว่ง เพดานโหว่ฯ', 'เชิญร่วมประชุมเสวนา เรื่อง แนวทางและเกณฑ์การพิจารณาทุนฝึกอบรมหลังปริญญาเอก', '', '', 2, '1260.pdf', 1, '0000-00-00'),
(187, '1261', 'ศธ 0514.7.2.18/139/60', '2017-02-14', 'อ.ดร.นพ.ภาธร ภิรมย์ไชย', 'ผู้อำนวยการศูนย์วิจัยผู้ป่วยปากแหว่ง เพดานโหว่ฯ', 'แจ้งความประสงค์ตีพิมพ์บทความลงในวารสารจดหมายเหตุทางแพทย์ 2017', '', '', 2, '1261.pdf', 1, '0000-00-00'),
(188, 'ศธ0514.7.1.2.3.4.1/4162', '', '2017-02-14', 'ผู้อำนวยการศูนย์วิจัยผู้ป่วยปากแหว่งฯ', 'รศ.สมศักดิ์ เทียมเก่า', 'ขอความอนุเคราะห์ตรวจสอบบทความเพื่อตีพิมพ์ในวารสารจดหมายเหตุทางแพทย์ฯ ฉบับพิเศษ 2017', '', '', 2, '', 2, '0000-00-00'),
(189, 'ศธ0514.7.1.2.3.4.1/4163', '', '2017-02-14', 'ผู้อำนวยการศูนย์วิจัยผู้ป่วยปากแหว่งฯ', 'รศ.สงวนศักดิ์ ธนาวิรัตนานิจ', 'ขอความอนุเคราะห์ตรวจสอบบทความเพื่อตีพิมพ์ในวารสารจดหมายเหตุทางแพทย์ฯ ฉบับพิเศษ 2017', '', '', 2, '', 2, '0000-00-00'),
(190, '1262', 'พิเศษ/2560', '2017-02-10', 'ผศ.ทพญ.อารยา ภิเศก', 'ศาสตราจารย์ นพ.บวรศิลป์ เชาวน์ชื่น', 'ขอเรียนเชิญเข้าร่วมฟังการนำเสนอเค้าโครงวิทยานิพนธ์', '', '', 2, '', 1, '0000-00-00'),
(191, 'ศธ0514.7.1.2.3.4.1/4164', '', '2017-02-14', 'ผู้อำนวยการศูนย์วิจัยผู้ป่วยปากแหว่งฯ', 'รศ.ดร.เบญจมาศ พระธานี', 'ตอบรับบทความเข้าระบบการตีพิมพ์', '', '', 2, '', 2, '0000-00-00'),
(192, 'ตวฉ/2091', '', '2017-02-15', 'สุธีรา ประดับวงษ์', 'ประธานมูลนิธิตะวันฉายฯ', 'ขออนุมัติเบิกจ่ายเงินบริจาคสำหรับผู้ประสงค์ใบเสร็จรับเงินเพื่อนำไปยื่นขอลดหย่อนภาษี', '', '', 1, '', 2, '0000-00-00'),
(193, '1349', 'ศธ0514.7.3.17/ว.140', '2017-02-14', 'งานพัฒนาคุณภาพโรงพยาบาลศรีนครินทร์ คณะแพทยศาสตร์', 'นางสุธีรา ประดับวงษ์', 'ขอความอนุเคราะห์เข้าประสานการรวบรวมข้อมูบตัวชี้วัดประกอบการจัดทำแบบประเมิน HA รพ.', 'นางสาวภาวิณี รูปพรม', '', 3, '', 1, '0000-00-00'),
(194, '1350', 'ที่ FPST039-03', '2015-11-10', 'มูลนิธิส่งเสริมวิทยาศาสตร์และเทคโนโลยีในพระบรมราชูปถัมภ์', 'ศ.นพ.บวรศิลป์ เชาวน์ชื่น', 'ขอความร่วมมือในการประชาสัมพันธ์และเสนอชื่ผู้สมควรได้รับรางวัลนักเทคโนโลยีดีเด่นประจำปี พ.ศ. 2560', 'นางสาวภาวิณี รูปพรม', '', 3, '', 1, '0000-00-00'),
(195, '2080', 'ชม 0032.227/', '2017-02-09', 'โรงพยาบาลนครพิงค์', 'ประธานกรรมการมูลนิธิตะวันฉายฯ และผู้อำนวยการศูนย์ตะวันฉาย', 'ขอขอบคุณ', 'นางสาวภาวิณี รูปพรม', '', 1, '', 1, '0000-00-00'),
(196, '1263', 'ชม 0032.227/', '2017-02-09', 'นางสาวกนกวรรณ รุ่งรังษี บรรณารักษ์ห้องสมุด', 'ผู้อำนวยการศูนย์วิจัยผู้ป่วยปากแหว่ง เพดานโหว่ฯ', 'ขอขอบพระคุณ', '', '', 2, '', 1, '0000-00-00'),
(197, 'ตวฉ/2092', '', '2017-02-16', 'สุธีรา ประดับวงษ์', 'ประธานมูลนิธิตะวันฉายฯ', 'ขออนุมัติเบิกจ่ายเงินสนับสนุนโครงการบริการสังคม วัน Cleft Clinic ประจำปี 2560', '', '', 1, '', 2, '0000-00-00'),
(198, 'ศธ0514.7.1.2.3.4/1352', '', '2017-02-16', 'สุธีรา ประดับวงษ์', 'ผู้อำนวยการศูนย์การดูแลฯ', 'ขออนุมัติและเบิกจ่ายค่าใช้จ่ายประจำเดือน กุมภาพันธ์ 2560', '', '', 3, '', 2, '0000-00-00'),
(199, 'ตวฉ/2093', '', '2017-02-16', 'สุธีรา ประดับวงษ์', 'ประธานมูลนิธิตะวันฉายฯ', 'ขออนุมัติและเบิกค่าใช้จ่าย ประจำเดือนกุมภาพันธ์ 2560', '', '', 1, '', 2, '0000-00-00'),
(200, 'ศธ0514.7.1.2.3.4.1/4165', '', '2017-02-16', 'เลขานุการศูนย์วิจัยฯ', 'ผู้อำนวยการศูนย์วิจัยฯ', 'ขออนุมัติและเบิกจ่ายเงินโครงการติดตามการเขียนร่างโครงร่างวิจัยและบทความวิจัยเพื่อการตีพิมพ์ ประจำปี 2560', '', '', 2, '', 2, '0000-00-00'),
(201, 'ศธ0514.7.1.2.3.4.1/4166', '', '2017-02-16', 'เลขานุการศูนย์วิจัยฯ', 'ผู้อำนวยการศูนย์วิจัยฯ', 'ขออนุมัติเเละเบิกจ่ายเงิน โครงการอบรมสัมมนาเชิงปฏิบัติการเพื่อพัฒนาองค์กรของศูนย์ตะวันฉาย (OD)', '', '', 2, '', 2, '0000-00-00'),
(202, '1351', 'มพ. 049/2560', '2017-02-16', 'โรงเรียนมีชัยพัฒนา', 'ศาสตราจารย์นายแพทย์บวรศิลป์ เชาวน์ชื่น', 'ขอเชิญเป็นวิทยากรให้ความรู้ด้านวิทยาศาสตร์', 'นางสาวภาวิณี รูปพรม', '', 3, '', 1, '0000-00-00'),
(203, 'ศธ0514.7.1.2.3.4/1353', '', '2017-02-17', 'ศูนย์การดูแล', 'หัวหน้าห้องสมุด คณะแพทยศาสตร์ มหาวิทยาลัยขอนแก่น', 'ขอมอบหนังสือสรุปรายงานประจำปีงบประมาณ 2559', 'นางสาวภาวิณี รูปพรม', '', 3, 'ห้องสมุด คณะแพทยฺ์.docx', 2, '0000-00-00'),
(204, 'ศธ0514.7.1.2.3.4.1/4167', '', '2017-02-17', 'เลขานุการศูนย์วิจัยฯ', 'ผู้อำนวยการศูนย์วิจัยฯ', 'ขออนุมัติและเบิกจ่ายค่าใช้จ่ายประจำเดือนกุมภาพันธ์ 2560', '', '', 2, '', 2, '0000-00-00'),
(205, 'ศธ0514.7.1.2.3.4/1354', '', '2017-02-17', 'ผอ.ศูนย์การดูแลฯและศูนย์ความเป็นเลิศตะวันฉาย', 'หนังสือเวียน', 'ขอมอบหนังสือสรุปผลงานประจำปีงบประมาณ 2559', 'นางสาวภาวิณี รูปพรม', '', 3, 'ว.1354 จำนวน 12 ฉบับ.docx', 2, '0000-00-00'),
(206, 'ศธ0514.7.1.2.3.4/1355', '', '2017-02-17', 'ผอ.ศูนย์การดูแล/ศูนย์ความเปฺ็นเลิศ', 'ผอ.ศูนย์ผู้ป่วยปากแหว่งเพดานโหว่ฯ มหาวิทยาลัยสงขลานครินทร์', 'ขอมอบหนังสือสรุปรายงานประจำปีงบประมาณ 2559', 'นางสาวภาวิณี รูปพรม', '', 3, 'ศูนย์ผู้ป่วยปากแหว่งเพดานโหว่ฯ มอ..docx', 2, '0000-00-00'),
(207, 'ศธ0514.7.1.2.3.4/1356', '', '2017-02-17', 'กรรมการและเลขานุการฯ', 'ผู้อำนวยการศูนย์ตะวันฉาย', 'ขออนุมัติเเละเบิกจ่ายค่าใช้จ่ายประจำเดือนบัญชีทุนผู้ช่วยวิจัยโครงการฯ', '', '', 3, '', 2, '0000-00-00'),
(208, '1352', 'ศธ0514.7.3.17/150', '2017-02-16', 'งานพัฒนาคุณภาพโรงพยาบาลศรีนครินทร์ คณะแพทยศาสตร์', 'หัวหน้าหน่วยงาน/ภาควิชา/SLT/CLT/ทุกหน่วยงาน', 'ขอเปลี่ยนแปลงห้องประชุมเชิงปฏิบัติการ KM Lean management', 'นางสาวภาวิณี รูปพรม', '', 3, '', 1, '0000-00-00'),
(209, 'ศธ0514.7.1.2.3.4.1/4168', '', '2017-02-17', 'รอง.ผอ.ฝ่ายวิจัย ศูนย์วิจัยฯ', 'คณบดีคณะพยาบาลศาสตร์ (ผ่านประธานสาขาวิชาการพยาบาลผู้ใหญ่)', 'ขอเรียนเชิญเป็นวิทยากร โครงการ “การติดตามการเขียนโครงร่างวิจัยและบทความวิจัยเพื่อการตีพิมพ์ ประจำปี 2560” ระหว่างเดือนกุมภาพันธ์-เดือนเมษายน 2560 (ทุกบ่ายวันศุกร์ของสัปดาห์) เวลา 12.30-16.30 น. ณ ห้องประชุมศูนย์ตะวันฉาย', '', '', 2, '', 2, '0000-00-00'),
(210, 'ตวฉ/2094', '', '2017-02-20', 'ประธานกรรมการมูลนิธิตะวันฉาย', 'คุณเสาวภา ปุณวัฒนวิทย์', 'ขอขอบคุณ', '', '', 1, '', 2, '0000-00-00'),
(211, 'ตวฉ/2095', '', '2017-02-20', 'ประธานกรรมการมูลนิธิตะวันฉาย', 'คุณธนัญ ปุณวัฒนวิทย์', 'ขอขอบคุณ', '', '', 1, '', 2, '0000-00-00'),
(212, 'ตวฉ/2096', '', '2017-02-20', 'ประธานกรรมการมูลนิธิตะวันฉาย', 'คุณสุธิดา ปุณวัฒนวิทย์', 'ขอขอบคุณ', '', '', 1, '', 2, '0000-00-00'),
(213, 'ตวฉ/2097', '', '2017-02-20', 'ประธานกรรมการมูลนิธิตะวันฉาย', 'คุณธนวิทย์ พิทักษ์สิทธิ์', 'ขอขอบคุณ', '', '', 1, '', 2, '0000-00-00'),
(214, 'ตวฉ/2098', '', '2017-02-20', 'ประธานกรรมการมูลนิธิตะวันฉาย', 'คุณจันทร์เพ็ญ โทมัส', 'ขอขอบคุณ', '', '', 1, '', 2, '0000-00-00'),
(215, 'ตวฉ/2099', '', '2017-02-20', 'ประธานกรรมการมูลนิธิตะวันฉาย', 'คุณศุภวรรณ สายพิมพ์', 'ขอขอบคุณ', '', '', 1, '', 2, '0000-00-00'),
(216, '1353', 'ศธ 0514.7.3.17/ว.140', '2017-02-14', 'รองผู้อำนวยการโรงพยาบาลฝ่ายพัฒนาคุณภาพโรงพยาบาล', 'ศ.บวรศิลป์ เชาวน์ชื่น', 'ขอความอนุเคราะห์เข้าประสานการรวบรวมข้อมูลตัวชี้วัดประกอบการจัดทำแบบประเมิน HA รพ.', 'เรียนคุณสุธีรา โปรดดำเนินการ', '', 3, '', 1, '0000-00-00'),
(217, '1264', 'ศธ 0514.1.61.3/ว.338', '2017-02-20', 'รักษาการแทนผู้อำนวยการกองบริหารงานวิจัย', 'ผู้อำนวยการศูนย์วิจัยผู้ป่วยปากแหว่ง เพดานโหว่ฯ', 'ขอความอนุเคราะห์ประชาสัมพันธ์และขอเชิญเข้าร่วมกิจกรรม "การจัดอบรมการให้ความรู้เกี่ยวกับมาตรฐานความปลอดภัยทางชีวภาพ มหาวิทยาลัยขอนแก่น"', '', '', 2, '', 1, '0000-00-00'),
(218, 'ตวฉ/2100', '', '2017-02-21', 'ประธานกรรมการมูลนิธิตะวันฉาย', 'คุณปาริชาต ต่วนสูงเนิน', 'ขอขอบคุณ', '', '', 1, '', 2, '0000-00-00'),
(219, 'ศธ0514.7.1.2.3.4.1/4169', '', '2017-02-21', 'ผู้อำนวยการศูนย์วิจัยผู้ป่วยปากแหว่งฯ', 'คณะกรรมการบริหารศูนย์วิจัยผู้ป่วยปากแหว่ง เพดานโหว่ฯ', 'ขอเรียนเชิญร่วมพิธีแสดงมุทิตาจิต แด่ Professor Keith Godfrey และขอเรียนเชิญประชุมคณะกรรมการบริหารศูนย์วิจัยฯ ครั้งที่ 2/2560', '', '', 2, '', 2, '2017-02-21'),
(220, '1354', '-', '2017-02-01', 'Mackinnon Engen', 'Ms.suteera pradubwong', 'เช็คยอด 2,000 เหรียญ', '', '', 3, '', 1, '0000-00-00'),
(221, 'ศธ0514.7.1.2.3.4.1/4170', '', '2017-02-21', 'ผู้อำนวยการศูนย์วิจัยผู้ป่วยปากแหว่งฯ', 'หัวหน้าภาควิชาศัลยศาสตร์', 'ขอเรียนเชิญเข้าร่วมโครงการสัมมนาเชิงปฏิบัติการ“อบรมสัมมนาเชิงปฏิบัติการเพื่อพัฒนาองค์กรของศูนย์ตะวันฉาย (Seminar & Workshop for Tawanchai Organization Development)”  ระหว่างวันที่ 16-17 มีนาคม 2560 เวลา 08.30-16.30 น. ณ ห้องประชุมศูนย์ตะวันฉาย และโรงแรมบ้านสุพิชญา อำเภอเชียงคาน จังหวัดเลย', '', '', 2, '', 2, '2017-02-21'),
(222, 'ศธ0514.7.1.2.3.4.1/4171', '', '2017-02-21', 'ผู้อำนวยการศูนย์วิจัยผู้ป่วยปากแหว่งฯ', 'หัวหน้าภาควิชาโสต ศอ นาสิกวิทยา', 'ขอเรียนเชิญเข้าร่วมโครงการสัมมนาเชิงปฏิบัติการ“อบรมสัมมนาเชิงปฏิบัติการเพื่อพัฒนาองค์กรของศูนย์ตะวันฉาย (Seminar & Workshop for Tawanchai Organization Development)”  ระหว่างวันที่ 16-17 มีนาคม 2560 เวลา 08.30-16.30 น. ณ ห้องประชุมศูนย์ตะวันฉาย และโรงแรมบ้านสุพิชญา อำเภอเชียงคาน จังหวัดเลย', '', '', 2, '', 2, '2017-02-21'),
(223, 'ศธ0514.7.1.2.3.4.1/4172', '', '2017-02-21', 'ผู้อำนวยการศูนย์วิจัยผู้ป่วยปากแหว่งฯ', 'หัวหน้าภาควิชาจิตเวชศาสตร์', 'ขอเรียนเชิญเข้าร่วมโครงการสัมมนาเชิงปฏิบัติการ“อบรมสัมมนาเชิงปฏิบัติการเพื่อพัฒนาองค์กรของศูนย์ตะวันฉาย (Seminar & Workshop for Tawanchai Organization Development)”  ระหว่างวันที่ 16-17 มีนาคม 2560 เวลา 08.30-16.30 น. ณ ห้องประชุมศูนย์ตะวันฉาย และโรงแรมบ้านสุพิชญา อำเภอเชียงคาน จังหวัดเลย', '', '', 2, '', 2, '2017-02-21'),
(224, 'ศธ0514.7.1.2.3.4.1/4173', '', '2017-02-21', 'ผู้อำนวยการศูนย์วิจัยผู้ป่วยปากแหว่งฯ', 'หัวหน้างานบริการพยาบาล รพ.ศรีนครินทร์', 'ขอเรียนเชิญเข้าร่วมโครงการสัมมนาเชิงปฏิบัติการ“อบรมสัมมนาเชิงปฏิบัติการเพื่อพัฒนาองค์กรของศูนย์ตะวันฉาย (Seminar & Workshop for Tawanchai Organization Development)”  ระหว่างวันที่ 16-17 มีนาคม 2560 เวลา 08.30-16.30 น. ณ ห้องประชุมศูนย์ตะวันฉาย และโรงแรมบ้านสุพิชญา อำเภอเชียงคาน จังหวัดเลย', '', '', 2, '', 2, '2017-02-21'),
(225, 'ศธ0514.7.1.2.3.4.1/4174', '', '2017-02-21', 'ผู้อำนวยการศูนย์วิจัยผู้ป่วยปากแหว่งฯ', 'คณบดีคณะพยาบาลศาสตร์', 'ขอเรียนเชิญเข้าร่วมโครงการสัมมนาเชิงปฏิบัติการ“อบรมสัมมนาเชิงปฏิบัติการเพื่อพัฒนาองค์กรของศูนย์ตะวันฉาย (Seminar & Workshop for Tawanchai Organization Development)”  ระหว่างวันที่ 16-17 มีนาคม 2560 เวลา 08.30-16.30 น. ณ ห้องประชุมศูนย์ตะวันฉาย และโรงแรมบ้านสุพิชญา อำเภอเชียงคาน จังหวัดเลย', '', '', 2, '', 2, '2017-02-21'),
(226, 'ศธ0514.7.1.2.3.4.1/4175', '', '2017-02-21', 'ผู้อำนวยการศูนย์วิจัยผู้ป่วยปากแหว่งฯ', 'คณบดีคณะทันตแพทยศาสตร์', 'ขอเรียนเชิญเข้าร่วมโครงการสัมมนาเชิงปฏิบัติการ“อบรมสัมมนาเชิงปฏิบัติการเพื่อพัฒนาองค์กรของศูนย์ตะวันฉาย (Seminar & Workshop for Tawanchai Organization Development)”  ระหว่างวันที่ 16-17 มีนาคม 2560 เวลา 08.30-16.30 น. ณ ห้องประชุมศูนย์ตะวันฉาย และโรงแรมบ้านสุพิชญา อำเภอเชียงคาน จังหวัดเลย', '', '', 2, '', 2, '2017-02-21'),
(227, '1265', 'จบ 0032.1/1463', '2017-02-09', 'ผู้อำนวยการโรงพยาบาลพระปกเกล้า', 'ผู้อำนวยการศูนย์วิจัยผู้ป่วยปากแหว่ง เพดานโหว่ฯ', 'ตอบขอบคุณ', '', '', 2, '', 1, '0000-00-00'),
(228, '1355', 'ศธ 0514.7.1.2.3.4.1/4173', '2017-02-21', 'ผู้อำนวยการศูนย์วิจัยผู้ป่วยปากแหว่งฯ', 'หัวหน้างานบริการพยาบาล รพ.ศรีนครินทร์', 'ขอเรียนเชิญเข้าร่วมโครงการสัมมนาเชิงปฏิบัติการ OD ศูนย์ตะวันฉาย วันที่ 16-17 มีนาคม 2560', 'สำเนาเรียน คุณสุธีรา เพื่อทราบ', '', 3, '', 1, '0000-00-00'),
(229, '1356', 'ศธ0514.7.1.2.3.4/ว.4169', '2017-02-21', 'ศูนย์วิจัยผู้ป่วยปากแหว่งเพดานโหว่ฯ', 'นางสุธีรา ประดับวงษ์', 'ขอเรียนเชิญร่วมพิธีแสดงมุฑิตาจิต แต่ Professor Keith Godfrey และขอเรียนเชิญประชุมคณะกรรมการบริหารศูนยฺ์วิจัยฯ ครั้งที่ 2/2560', 'นางสาวภาวิณี รูปพรม', '', 3, '', 1, '0000-00-00'),
(230, 'ศธ0514.7.1.2.3.4/1357', '', '2017-02-22', 'ศ.นพ.บวรศิลป์  เชาวน์ชื่น', 'ดร.ณรงค์ชัย อัครเศรณี', 'ขอขอบคุณ', '', '', 3, '', 2, '2017-02-22'),
(231, 'ศธ0514.7.1.2.3.4/1358', '', '2017-02-22', 'ศ.นพ.บวรศิลป์  เชาวน์ชื่น', 'ท่านสุรพล เพชรวรา', 'ขอขอบคุณ', '', '', 3, '', 2, '2017-02-22'),
(232, '1357', 'ศธ0514.7.3.13/ว.398/60', '2017-02-22', 'งานบริการพยาบาล', 'พว.สุธีรา ประดับวงษ์', 'ขอเรียนเชิญเป็นวิทยากร', 'นางสาวภาวิณี รูปพรม', '', 3, '', 1, '0000-00-00'),
(233, '1266', 'ศธ 0514.7.3.13.1/201/60', '2017-02-23', 'นางสาวดาราวรรณ อักษรวรรณ', 'เลขานุการศูนย์ตะวันฉาย', 'ส่งสรุปรายงานการวิจัยและเบิกเงินทุนวิจัย', '', '', 2, '', 1, '0000-00-00'),
(234, 'ศธ0514.7.1.2.3.4/1359', '', '2017-02-23', 'เจ้าหน้าที่บัญชีและการเงิน', 'ทีมเลขานุการศูนย์ตะวันฉาย', 'ขออนุมัติและเบิกจ่ายเงินบัญชีเงินหมุนเวียนทีมเลขานุการ', '', '', 3, '', 2, '2017-02-23'),
(235, '1358', 'ศธ 0514.13.3/24', '2017-02-22', 'หัวหน้าภาควิชาทันตกรรมจัดฟัน', 'ผู้อำนวยการศูนย์ตะวันฉาย', 'ขอเรียนเชิญร่วมพิธีเปิดชมรมศิษย์เก่าทันตแพทย์จัดฟันขอนแก่น ในวันพุธที่ 8 มีนาคม 2560 เวลา 09.00-12.00 น. ณ ห้องประชุมนิธิภาวี คณะทันตแพทยศาสตร์ มข.', '', '', 3, '', 1, '0000-00-00'),
(236, '2081', '-', '2017-02-24', 'นายสุวิชัย แจ้งน้อย', 'ประธานกรรมการมูลนิธิตะวันฉาย', 'กล่าวขอบคุณ', '', '', 1, '', 1, '0000-00-00'),
(237, '1267', 'ลป0032.125/1150', '2017-02-08', 'ผู้อำนวยการศูนย์แพทยศาสตรศึกษาชั้นคลินิก โรงพยาบาลลำปาง', 'ผู้อำนวยการศูนย์วิจัยผู้ป่วยปากแหว่ง เพดานโหว่ฯ', 'ตอบขอบคุณ', '', '', 2, '', 1, '0000-00-00'),
(238, '1268', 'ศธ 0514.1.61.3/ว 384', '2017-02-23', 'ผู้อำนวยการกองบริหารงานวิจัย', 'ผู้อำนวยการศูนย์วิจัยผู้ป่วยปากแหว่ง เพดานโหว่ฯ', 'ขอความอนุเคราะห์ประชาสัมพันธ์การจัดอบรมหลักสูตร "สถิติและการวางแผนการวิจัยที่ใช้สัตว์"', '', '', 2, '', 1, '0000-00-00'),
(239, '1359', 'ศธ 0514.7.1.5.6/150', '2017-02-28', 'หัวหน้าห้องสมุดคณะแพทยศาสตร์', 'ผู้อำนวยการศูนย์การดูแลผู้ป่วยปากแหว่งเพดานโหว๋ฯและศูนย์ความเป็นเลิศตะวันฉายฯ', 'ตอบขอบคุณ', '', '', 3, '', 1, '0000-00-00'),
(240, 'ศธ0514.7.1.2.3.4/1360', '', '2017-02-28', 'นางสาวกนกอร ตั้งจิตเจริญกิจ', 'ผู้อำนวยการศูนย์ตะวันฉาย', 'ขอลาออกจากการปฏิบัติงาน ณ ศูนย์ตะวันฉาย ตั้งแต่วันที่ 1 มีนาคม 2560 เป็นต้นไป', '', '', 3, '', 2, '2017-02-28'),
(241, '1360', 'ศธ 2-0514.7.1.2.3.4/1360', '2017-02-28', 'นางสาวกนกอร ตั้งจิตเจริญกิจ', 'ผู้อำนวยการศูนย์ตะวันฉาย', 'ขอลาออกจากการปฏิบัติงาน ณ ศูนย์ตะวันฉาย ตั้งแต่วันที่ 1 มีนาคม 2560', '', '', 3, '', 1, '0000-00-00'),
(242, 'ตวฉ/2101', '', '2017-03-01', 'นางสุธีรา ประดับวงษ์', 'ประธานกรรมการมูลนิธิตะวันฉายฯ', 'ขออนุมัติและเบิกจ่ายเงินสนับสนุนค่าเดินทางจากกาชาดเพื่อจ่ายค่าเดินทางให้ผู้ป่วย โครงการยิ้มสวยเสียงใส', '', '', 1, '', 2, '0000-00-00'),
(243, '1269', 'ศธ 0514.1.61.3/ว.393', '2017-02-27', 'ผู้ช่วยอธิการบดีฝ่ายวิจัย', 'ผู้อำนวยการศูนย์วิจัยผู้ป่วยปากแหว่ง เพดานโหว่ฯ', 'การรายงานผลการการดำเนินงานประจำปี 2560 รอบที่ 1 (1 ตุลาคม 2559-31 มีนาคม 2560)', '', '', 2, '', 1, '0000-00-00'),
(244, '1270', 'ศธ 0514.7.2.18/227/60', '2017-03-01', 'รศ.ดร.เบญจมาศ พระธานี', 'ผู้อำนวยการศูนย์วิจัยผู้ป่วยปากแหว่ง เพดานโหว่ฯ', 'ขออนุมัติทุนสนับสนุนการวิจัย เรื่อง ปัญหาการพูดไม่ชัดและอ่านออกเสียงของนักเรียนที่มีภาวะเพดานโหว่ จำนวนเงิน 47,200 บาท', '', '', 2, '', 1, '0000-00-00'),
(245, '1271', 'ศธ 0514.7.2.18/226/60', '2017-03-01', 'รศ.ดร.เบญจมาศ พระธานี', 'ผู้อำนวยการศูนย์วิจัยผู้ป่วยปากแหว่ง เพดานโหว่ฯ', 'ขออนุมัติทุนสนับสนุนการวิจัย เรื่อง ความชุกของพัฒนาการทางภาษาและการพูดล่าช้าในเด็กปากแหว่งเพดานโหว่ จำนวนเงิน 36,700 บาท', '', '', 2, '', 1, '0000-00-00'),
(246, '1361', 'คำสั่งมหาวิทยาลัย ที่ 997/2560', '2017-02-27', 'กองกลาง ตึกอธิการ', 'ศูนย์การดูแลผู้ป่วยปากแหว่งเพดานโหว่ฯ', 'เปลี่ยนแปลงคณะกรรมการดำเนินงานศูนย์การดูแลผู้ป่วยปากแหว่งเพดานโหว่ฯ และความพิการแต่กำเนิดของดศีรษะและใบหน้า โรงพยาบาลศรีนครินทร์ คณะแพทยศาสตร์ มหาวิทยาลัยขอนแก่น ภายใต้โครงการตะวันฉาย (ศูนย์ตะวันฉาย)', 'นางสาวภาวิณี รูปพรม', '', 3, '', 1, '0000-00-00'),
(247, 'ศธ0514.7.1.2.3.4/1361', '', '2017-03-01', 'นางสาวกนกอร ตั้งจิตเจริญกิจ', 'ผู้อำนวยการศูนย์ตะวันฉาย', 'ขออนุมัติยกเลิกการลาออกจากการปฏิบัติงาน', '', '', 3, '', 2, '2017-03-01'),
(248, 'ศธ0514.7.1.2.3.4/1362', '', '2017-03-01', 'นางสาวกนกอร ตั้งจิตเจริญกิจ', 'ผู้อำนวยการศูนย์จัดการข้อมูลและวิเคราะห์ทางสถิติ คณะสาธารณสุขศาสตร์', 'ขออนุมัติยกเลิกการปฏิบัติงาน ณ ศูนย์จัดการข้อมูลและวิเคราะห์ทางสถิติ', '', '', 3, '', 2, '2017-03-01'),
(249, 'ศธ0514.7.1.2.3.4.1/4176', '', '2017-03-01', 'นางสาวชลันธร วรวัฒนตระกูล', 'ผู้อำนวยการศูนย์วิจัยผู้ป่วยปากแหว่งฯ', 'ขออนุมัติทุนสนับสนุนการวิจัย เรื่องผลของการสอนซ่อมเสริมเพื่อพัฒนาการอ่านและการเขียนของนักเรียนที่มีภาวะปากแหว่งเพดานโหว่ ชั้นประถมศึกษาปีที่ 4 - มัธยมศึกษาปีที่ 3 จำนวน 45,200 บาท', '', '', 2, '', 2, '2017-03-01'),
(250, '1272', 'ศธ 0514.7.1.2.3.4.1/4176', '2017-03-01', 'นางสาวชลันธร วรวัฒนตระกูล', 'ผู้อำนวยการศูนย์วิจัยผู้ป่วยปากแหว่ง เพดานโหว่ฯ', 'ขออนุมัติทุนสนับสนุนการวิจัย เรื่อง ผลของการสอนซ่อมเสริมเพื่อพัฒนาการอ่านและการเขียนของนักเรียนที่มีภาวะปากแหว่ง เพดานโหว่ ชั้นประถมศึกษาปีที่ 4- มัธยมศึกษาปีที่ 3 ที่มีปัญหาการอ่าน จำนวน 45,200 บาท', '', '', 2, '', 1, '0000-00-00'),
(251, '1362', 'ศธ 0514.7.1.2.3.4/1361', '2017-03-01', 'นางสาวกนกอร ตั้งจิตเจริญกิจ', 'ผู้อำนวยการศูนย์ตะวันฉาย', 'ขออนุมัติยกเลิกการลาออกจากการปฏิบัติงาน ณ ศูนย์ตะวันฉาย', '', '', 3, '', 1, '0000-00-00'),
(252, 'ศธ0514.7.1.2.3.4/1363', '', '2017-03-02', 'ผู้อำนวยการศูนย์การดูแลผู้ป่วยปากแหว่งเพดานโหว่ฯ', 'คณบดีคณะแพทยศาสตร์ (ผ่านรองคณบดีฝ่ายโรงพยาบาล) สำเนาเรียน 1.หัวหน้าภาควิชาศัลยศาสตร์ 2.หัวหน้างานบริการพยาบาล', 'ขออนุมัติเดินทางไปราชการกรุงเทพมหานคร', 'นางสาวภาวิณี รูปพรม', '', 3, '', 2, '2017-03-02'),
(253, 'ศธ0514.7.1.2.3.4/1364', '', '2017-03-02', 'ผู้อำนวยการศูนย์การดูแลผู้ป่วยปากแหว่งเพดานโหว่ฯ', 'หัวหน้าภาควิชาวิสัญญีวิทยา สำเนาเรียน นางคัทลียา เกษมศิริ', 'ขอส่งสำเนาคำสั่งมหาวิทยาลัยขอนแก่น ที่ 997/2560', 'นางสาวภาวิณี รูปพรม', '', 3, '', 2, '2017-03-02');
INSERT INTO `tb_main1` (`id_main1`, `registration`, `at`, `date`, `from`, `to`, `subject`, `practice`, `note`, `type_record`, `filename`, `type_document`, `date_record`) VALUES
(254, '1273', 'ศธ 0514.7.2.18/228/60', '2017-03-01', 'รศ.ดร.เบญจมาศ พระธานี', 'ผู้อำนวยการศูนย์วิจัยผู้ป่วยปากแหว่ง เพดานโหว่ฯ', 'ขออนุมัติทุนสนับสนุนการวิจัย เรื่อง ค่ายฝึกพูดนักเรียนปสากแหว่งเพดานโหว่ที่มีปัญหาการพูดไม่ชัด จำนวน 82,300 บาท', '', '', 2, '', 1, '0000-00-00'),
(255, 'ศธ0514.7.1.2.3.4.1/4177', '', '2017-03-02', 'พญ.จิรภัทร พัฒนาพลกรสกุล', 'ผู้อำนวยการศูนย์วิจัยผู้ป่วยปากแหว่งฯ', 'ขออนุมัติทุนสนับสนุนการวิจัย เรื่อง ผลการรักษาในระยะยาวหลังผ่าตัดในผู้ป่วยปากแหว่งทั้งสองข้าง จำนวน 37,000 บาท', '', '', 2, '', 2, '2017-03-02'),
(256, '1274', 'ศธ 0514.7.1.2.3.4.1/4177', '2017-03-02', 'พญ.จิรภัทร พัฒนาพลกรสกุล', 'ผู้อำนวยการศูนย์วิจัยผู้ป่วยปากแหว่ง เพดานโหว่ฯ', 'ขออนุมัติทุนสนับสนุนการวิจัย เรื่อง ผลการรักษาในระยะยาวหลังผ่าตัดในผู้ป่วยปากแหว่งทั้งสองข้าง จำนวน 37,000 บาท', '', '', 2, '', 1, '0000-00-00'),
(257, '1363', 'สบ 0032.3/', '2017-02-24', 'โรงพยาบาลสระบุรี', 'ผู้อำนวยการโรงพยาบาลศรีนครินทร์ ขอนแก่น', 'ขออนุญาติศึกษาดูงาน', 'นางสาวภาวิณี รูปพรม', '', 3, 'ขออนุญาตศึกษาดูงาน รับ 3 มีนาคม 60.pdf', 1, '0000-00-00'),
(258, '2082', '-', '2017-03-02', 'โรงพยาบาลอุดมไซย', 'ศ.บวรศิลป์ เชาวน์ชื่น', 'ปรึกษาเรื่องเด็กที่มีภาวะปากแหว่ง เพดานโหว่ฯ จาก สปป.ลาว', '', '', 1, '', 1, '0000-00-00'),
(259, 'ศธ0514.7.1.2.3.4.1/4178', '', '2017-03-06', 'รอง.ผอ.ฝ่ายวิจัย ศูนย์วิจัยฯ', 'นายเทพไทย โชติชัย', 'ตอบรับบทความเข้าระบบการตีพิมพ์', '', '', 2, '', 2, '2017-03-06'),
(260, 'ศธ0514.7.1.2.3.4.1/4179', '', '2017-03-06', 'รอง.ผอ.ฝ่ายวิจัย ศูนย์วิจัยฯ', 'อ.พญ.พรรณธิพา ต้นสวรรค์ (ภาควิชาอายุรศาสตร์)', 'ตอบรับบทความเข้าระบบการตีพิมพ์', '', '', 2, '', 2, '2017-03-06'),
(261, 'ศธ0514.7.1.2.3.4.1/4180', '', '2017-03-06', 'รอง.ผอ.ฝ่ายวิจัย ศูนย์วิจัยฯ', 'รศ.พญ.นิรมล พัจนสุนทร', 'ขอความอนุเคราะห์ตรวจสอบบทความเพื่อตีพิมพ์ในวารสารจดหมายเหตุทางแพทย์ฯ ฉบับพิเศษ 2017', '', '', 2, '', 2, '2017-03-06'),
(262, 'ศธ0514.7.1.2.3.4.1/4181', '', '2017-03-06', 'รอง.ผอ.ฝ่ายวิจัย ศูนย์วิจัยฯ', 'รศ.สมศักดิ์ เทียมเก่า', 'ขอความอนุเคราะห์ตรวจสอบบทความเพื่อตีพิมพ์ในวารสารจดหมายเหตุทางแพทย์ฯ ฉบับพิเศษ 2017', '', '', 2, '', 2, '2017-03-06'),
(263, 'ศธ0514.7.1.2.3.4.1/4182', '', '2017-03-06', 'รอง.ผอ.ฝ่ายวิจัย ศูนย์วิจัยฯ', 'รศ.พญ.นิรมล พัจนสุนทร', 'ขอความอนุเคราะห์ตรวจสอบบทความเพื่อตีพิมพ์ในวารสารจดหมายเหตุทางแพทย์ฯ ฉบับพิเศษ 2017', '', '', 2, '', 2, '2017-03-06'),
(264, 'ศธ0514.7.1.2.3.4.1/4183', '', '2017-03-06', 'รอง.ผอ.ฝ่ายวิจัย ศูนย์วิจัยฯ', 'รศ.สมศักดิ์ เทียมเก่า', 'ขอความอนุเคราะห์ตรวจสอบบทความเพื่อตีพิมพ์ในวารสารจดหมายเหตุทางแพทย์ฯ ฉบับพิเศษ 2017', '', '', 2, '', 2, '2017-03-06'),
(265, 'ศธ0514.7.1.2.3.4/1365', '', '2017-03-06', 'ผศ.ทพ.พูนศักดิ์ ภิเศก (รองผู้อำนวยการศูนย์ตะวันฉายฝ่ายวิชาการ และทางคลินิกบริการ)', 'ทีมสหสาขาวิทยาการ', 'ขอเรียนเชิญเข้าร่วมกิจกรรมวิชาการและตรวจประเมินผู้ป่วยในวัน Cleft & Craniofacial Clinic วันที่ 17 มีนาคม 2560', '', '', 3, '', 2, '2017-03-06'),
(266, 'ศธ0514.7.1.2.3.4/1366', '', '2017-03-06', 'ผศ.ทพ.พูนศักดิ์ ภิเศก (รองผู้อำนวยการศูนย์ตะวันฉายฝ่ายวิชาการ และทางคลินิกบริการ)', 'หัวหน้าภาควิชาสูติศาสตร์และนรเวชวิทยา', 'ขออนุมัติบุคลากรในสังกัดของท่านเป็นวิทยากร และร่วมตรวจประเมินผู้ป่วยในวัน Cleft Clinic & Craniofacial Clinic', '', '', 3, '', 2, '2017-03-06'),
(267, 'ตวฉ/2102', '', '2017-03-06', 'นางสุธีรา ประดับวงษ์ (กรรมการและเลขานุการ)', 'นายกเหล่ากาชาดจังหวัดขอนแก่น', 'ขอส่งเอกสาร ยสส.2,4และ 5', '', '', 1, '', 2, '0000-00-00'),
(268, 'ตวฉ/2103', '', '2017-03-06', 'นางสุธีรา ประดับวงษ์ (กรรมการและเลขานุการ)', 'นายกเหล่ากาชาดจังหวัดขอนแก่น', 'ขอส่งเอกสาร ยสส.2,4และ 5', '', '', 1, '', 2, '0000-00-00'),
(269, 'ตวฉ/2104', '', '2017-03-06', 'นางสุธีรา ประดับวงษ์ (กรรมการและเลขานุการ)', 'นายกเหล่ากาชาดจังหวัดขอนแก่น', 'ขอส่งเอกสาร ยสส.2,4และ 5', '', '', 1, '', 2, '0000-00-00'),
(270, 'ศธ0514.7.1.2.3.4/1367', '', '2017-03-07', 'กรรมการและเลขานุการ', 'ผู้อำนวยการศูนย์ตะวันฉาย', 'ขออนุมัติและเบิกเงินสนับสนุนประชุมวิชาการศัลยแพทย์ตกแต่งแห่งประเทศไทย', '', '', 3, '', 2, '2017-03-06'),
(271, 'ศธ0514.7.1.2.3.4.1/4184', '', '2017-03-07', 'รอง.ผอ.ฝ่ายวิจัย ศูนย์วิจัยฯ', 'อ.พญ.วัชรีพร ตีระมาศวณิช (ภาควิชาโสต ศอ นาสิก วิทยา)', 'ตอบรับบทความเข้าระบบการตีพิมพ์', '', '', 2, '', 2, '2017-03-07'),
(272, 'ศธ0514.7.1.2.3.4.1/4185', '', '2017-03-07', 'รอง.ผอ.ฝ่ายวิจัย ศูนย์วิจัยฯ', 'อ.ดร.นพ.ภาธร ภิรมย์ไชย (ภาควิชาโสต ศอ นาสิกวิทยา)', 'ตอบรับบทความเข้าระบบการตีพิมพ์', '', '', 2, '', 2, '2017-03-07'),
(273, 'ศธ0514.7.1.2.3.4.1/4186', '', '2017-03-07', 'รอง.ผอ.ฝ่ายวิจัย ศูนย์วิจัยฯ', 'รศ.นพ.สมชาย ศรีร่มโพธิ์ทอง (ภาควิชาโสต ศอ นาสิกวิทยา)', 'ขอความอนุเคราะห์ตรวจสอบบทความเพื่อตีพิมพ์ในวารสารจดหมายเหตุทางแพทย์ฯ ฉบับพิเศษ 2017', '', '', 2, '', 2, '2017-03-07'),
(274, 'ศธ0514.7.1.2.3.4.1/4187', '', '2017-03-07', 'รอง.ผอ.ฝ่ายวิจัย ศูนย์วิจัยฯ', 'รศ.นพ.ธีรพร รัตนาเอนกชัย (ภาควิชาโสต ศอ นาสิกวิทยา)', 'ขอความอนุเคราะห์ตรวจสอบบทความเพื่อตีพิมพ์ในวารสารจดหมายเหตุทางแพทย์ฯ ฉบับพิเศษ 2017', '', '', 2, '', 2, '2017-03-07'),
(275, 'ศธ0514.7.1.2.3.4.1/4188', '', '2017-03-07', 'รอง.ผอ.ฝ่ายวิจัย ศูนย์วิจัยฯ', 'รศ.พญ.สุภาภรณ์ ศรีร่มโพธิ์ทอง (ภาควิชาโสต ศอ นาสิกวิทยา)', 'ขอความอนุเคราะห์ตรวจสอบบทความเพื่อตีพิมพ์ในวารสารจดหมายเหตุทางแพทย์ฯ ฉบับพิเศษ 2017', '', '', 2, '', 2, '2017-03-07'),
(276, 'ศธ0514.7.1.2.3.4.1/4189', '', '2017-03-07', 'รอง.ผอ.ฝ่ายวิจัย ศูนย์วิจัยฯ', 'รศ.สงวนศักดิ์ ธนาวิรัตนานิจ', 'ขอความอนุเคราะห์ตรวจสอบบทความเพื่อตีพิมพ์ในวารสารจดหมายเหตุทางแพทย์ฯ ฉบับพิเศษ 2017', '', '', 2, '', 2, '2017-03-07'),
(277, '1275', 'ศธ 6931(8).2/550', '2017-02-28', 'ผู้อำนวยการโรงพยาบาลชลประทาน', 'ผู้อำนวยการศูนย์วิจัยผู้ป่วยปากแหว่ง เพดานโหว่ฯ', 'ตอบขอบคุณ', '', '', 2, '', 1, '0000-00-00'),
(278, 'ศธ0514.7.1.2.3.4.1/4190', '', '2017-03-08', 'นางรำพรรณ ภัทรนิตย์', 'ประธานคณะกรรมการจริยธรรมการวิจัยในมนุษย์มหาวิทยาลัยขอนแก่น', 'ขอปรับปรุงแก้ไขโครงการวิจัยทีผ่านการรับรองจากคณะกรรมการจริยธรรมการวิจัยมในมนุษย์ มหาวิทยาลัยขอนแก่น', 'นางสาวภาวิณี รูปพรม', '', 2, '', 2, '2017-03-08'),
(279, '1364', 'ศธ0514.7.3.17.ว.172', '2017-02-24', 'งานพัฒนาคุณภาพโรงพยาบาลศรีนครินทร์ คณะแพทยศาสตร์', 'นางสุธีรา ประดับวงษ์', 'ขอเชิญชวนร่วมประชุมเชิงปฏิบัติการ lean management', 'นางสาวภาวิณี รูปพรม', '', 3, '', 1, '0000-00-00'),
(280, 'ศธ0514.7.1.2.3.4.1/4191', '', '2017-03-09', 'นางสุธีรา ประดับวงษ์ (กรรมการและเลขานุการ)', 'ผู้อำนวยการศูนย์ตะวันฉาย', 'ขออนุมัติแต่งตั้งคณะกรรมการบริหารศูนย์ตะวันฉาย คำสั่งที่ 1/2560', '', '', 2, '', 2, '2017-03-09'),
(281, 'ศธ0514.7.1.2.3.4.1/4192', '', '2017-03-09', 'รอง.ผอ.ฝ่ายวิจัย ศูนย์วิจัยฯ', 'ผศ.นพ.สุรพล ซื่อตรง (ภาควิชาโสต ศอ นาสิกวิทยา)', 'ตอบรับบทความเข้าระบบการตีพิมพ์', '', '', 2, '', 2, '2017-03-09'),
(282, 'ศธ0514.7.1.2.3.4.1/4193', '', '2017-03-09', 'รอง.ผอ.ฝ่ายวิจัย ศูนย์วิจัยฯ', 'รศ.สงวนศักดิ์ ธนาวิรัตนานิจ', 'ขอความอนุเคราะห์ตรวจสอบบทความเพื่อตีพิมพ์ในวารสารจดหมายเหตุทางแพทย์ฯ ฉบับพิเศษ 2017', '', '', 2, '', 2, '2017-03-09'),
(283, 'ศธ0514.7.1.2.3.4.1/4194', '', '2017-03-09', 'รอง.ผอ.ฝ่ายวิจัย ศูนย์วิจัยฯ', 'รศ.นพ.ธีรพร รัตนาเอนกชัย (ภาควิชาโสต ศอ นาสิกวิทยา)', 'ขอความอนุเคราะห์ตรวจสอบบทความเพื่อตีพิมพ์ในวารสารจดหมายเหตุทางแพทย์ฯ ฉบับพิเศษ 2017', '', '', 2, '', 2, '2017-03-09'),
(284, '1276', 'ศธ 0514.1.61.3/ว.486', '2017-03-09', 'รักษาการแทนผู้อำนวยการกองบริหารงานวิจัย', 'ผู้อำนวยการศูนย์วิจัยผู้ป่วยปากแหว่ง เพดานโหว่ฯ', 'ขอความอนุเคราะห์ในการเสนองานวิจัยในสังกัดของท่าน เพื่อนำไปคัดเลือกในการนำไปเผยแพร่ งานแถลงข่าว นักวิจัยพบสื่อมวลชน ประจำปี 2560', '', '', 2, '', 1, '0000-00-00'),
(285, '1365', 'ศธ0514.7.1.2.3.4/ว.1365', '2017-03-06', 'ศูนย์การดูแลผู้ป่วยปากแหว่งเพดานโหว่ฯ', 'นางสุธีรา ประดับวงษ์', 'ขอเรียนเชิญเข้าร่วมกิจกรรมวิชาการและตรวจประเมินผู้ป่วยในวัน Cleft & Caraniofacial Clinic', 'นางสาวภาวิณี รูปพรม', '', 3, '', 1, '0000-00-00'),
(286, '1366', 'ศธ0514.7.2.14/ว.456', '2017-03-06', 'ภาควิชาศัลยศาสตร์ คณะแพทยศาสตร์', 'นางสุธีรา ประดับวงษ์', 'ขอเชิญประชุมคณะกรรมการทีมนำทางศัลยกรรม (CLT) ครั้งที่ 2/2560', 'นางสาวภาวิณี รูปพรม', '', 3, '', 1, '0000-00-00'),
(287, 'ศธ0514.7.1.2.3.4/1368', '', '2017-03-10', 'ศูนย์การดูแลผู้ป่วยปากแหว่งเพดานโหว่ฯ โดย รองผู้อำนวยการศูนย์ตะวันฉายฝ่ายวิจัย', 'ผู้อำนวยการโรงาพยาบาลศรีนครินทร์', 'ขออนุมัติงดการให้บริการผู้ป่วยปากแหว่งเพดานโหว่', 'นางสาวภาวิณี รูปพรม', '', 3, '', 2, '2017-03-10'),
(288, 'ศธ0514.7.1.2.3.4/1369', '', '2017-03-10', 'นางสุธีรา ประดับวงษ์ Case Manager โครงการยิ้มสวยเสียงใส', 'หัวหน้างานสนับสนุนบริการสู่ความเป็นเลิศ', 'ขออนุมัติบุคลากรในสังกัดร่วมโครงการอบสัมมนาเชิงปฏิบัติการเพื่อพัฒนาองค์กรของศูนย์ตะวันฉาย', 'นางสาวภาวิณี รูปพรม', '', 3, '', 2, '2017-03-10'),
(289, 'ศธ0514.7.1.2.3.4/1370', '', '2017-03-10', 'ศูนย์การดูแลฯ นางสุธีรา ประดับวงษ์ Case Manager โครงการยิ้มสวยเสียงใส', 'เจ้าหน้าที่การเงินที่เกี่ยวข้อง', 'ขแจ้งรายละเอียดค่าใช้จ่ายในการฝึกพูดผู้ป่วยปากแหว่งเพดานโหว่', 'นางสาวภาวิณี รูปพรม', '', 3, '', 2, '2017-03-10'),
(290, 'ศธ0514.7.1.2.3.4.1/4195', '', '2017-03-10', 'รอง.ผอ.ฝ่ายวิจัย ศูนย์วิจัยฯ', 'นายรักเกียรติ กระแสร์ (หัวหน้างานบริการวิชาการและวิจัย)', 'ขอเรียนเชิญเป็นวิทยากรโครงการ “อบรมสัมมนาเชิงปฏิบัติการเพื่อพัฒนาองค์กรของศูนย์ตะวันฉาย ในหัวข้อเรื่อง “การบริหารงานวิจัย” วันพฤหัสบดีที่ 16 มีนาคม 2560 เวลา 08.30-12.00 น.', '', '', 2, '', 2, '2017-03-10'),
(291, 'ศธ0514.7.1.2.3.4.1/4196', '', '2017-03-10', 'รอง.ผอ.ฝ่ายวิจัย ศูนย์วิจัยฯ', 'หัวหน้างานบริการพยาบาล รพ.ศรีนครินทร์', 'ขอเรียนเชิญบุคลากรในสังกัดเป็นวิทยากรโครงการ “อบรมสัมมนาเชิงปฏิบัติการเพื่อพัฒนาองค์กรของศูนย์ตะวันฉาย ในหัวข้อเรื่อง “การบริหารงานธุรการและการดูแลผู้ป่วย” วันพฤหัสบดีที่ 16 มีนาคม 2560 เวลา 08.30-12.00 น.', '', '', 2, '', 2, '2017-03-10'),
(292, 'ศธ0514.7.1.2.3.4.1/4197', '', '2017-03-10', 'รอง.ผอ.ฝ่ายวิจัย ศูนย์วิจัยฯ', 'ผู้อำนวยการศูนย์วิจัยและพัฒนาการตรวจวินิจฉัยทางห้องปฏิบัติการทางการแพทย์', 'ขอเรียนเชิญบุคลากรในสังกัดเป็นวิทยากรโครงการ “อบรมสัมมนาเชิงปฏิบัติการเพื่อพัฒนาองค์กรของศูนย์ตะวันฉาย ให้เกียรติเป็นวิทยากรในหัวข้อเรื่อง “การบริหารงานวิจัย”  วันพฤหัสบดีที่ 16 มีนาคม 2560 เวลา 08.30-12.00 น. (รศ.กุลนภา ฟู่เจริญ)', '', '', 2, '', 2, '2017-03-10'),
(293, 'ศธ0514.7.1.2.3.4.1/4198', '', '2017-03-10', 'รอง.ผอ.ฝ่ายวิจัย ศูนย์วิจัยฯ', 'หัวหน้าภาควิชาโสต ศอ นาสิกวิทยา', 'ขอเรียนเชิญบุคลากรในสังกัดเป็นวิทยากรและเข้าร่วมโครงการอบรมสัมมนาเชิงปฏิบัติการเพื่อพัฒนาองค์กรของศูนย์ตะวันฉาย ให้เกียรติกล่าวต้อนรับและกล่าวเปิดโครงการสัมมนาฯ ดังกล่าว พร้อมทั้งเข้าร่วมโครงการฯ ในวันพฤหัสบดีที่ 16 มีนาคม 2560 เวลา 08.30-12.00 น. ณ ห้องประชุมศูนย์ตะวันฉาย (รศ.ดร.เบญจมาศ พระธานี)', '', '', 2, '', 2, '2017-03-10'),
(294, 'ศธ0514.7.1.2.3.4.1/4199', '', '2017-03-10', 'รอง.ผอ.ฝ่ายวิจัย ศูนย์วิจัยฯ', 'อ.เฉลิมชัย จิตตะยโศธร', 'ขอเรียนเชิญเป็นวิทยากรโครงการ “อบรมสัมมนาเชิงปฏิบัติการเพื่อพัฒนาองค์กรของศูนย์ตะวันฉายในหัวข้อเรื่อง “การดำเนินงานมูลนิธิ” วันพฤหัสบดีที่ 16 มีนาคม 2560 เวลา 08.30-12.00 น. ณ ห้องประชุมศูนย์ตะวันฉาย', '', '', 2, '', 2, '2017-03-10'),
(295, 'ศธ0514.7.1.2.3.4.1/4200', '', '2017-03-10', 'นางสุธีรา ประดับวงษ์ (กรรมการและเลขานุการ)', 'ผู้อำนวยการศูนย์วิจัยผู้ป่วยปากแหว่งฯ', 'ขออนุมัติไปราชการในประเทศเพื่อเข้าร่วมโครงการอบรมสัมมนาเชิงปฏิบัติการเพื่อพัฒนาองค์กรของศูนย์ตะวันฉาย (Seminar & Workshop for Tawanchai Organization Development) ณ ห้องประชุมศูนย์ตะวันฉาย คณะแพทยศาสตร์ และโรงแรมบ้านสุพิชญา อำเภอเชียงคาน จังหวัดเลย ระหว่างวันที่ 16-17 มีนาคม 2560', '', '', 2, '', 2, '2017-03-10'),
(296, 'ศธ0514.7.1.2.3.4.1/4201', '', '2017-03-10', 'รอง.ผอ.ฝ่ายวิจัย ศูนย์วิจัยฯ', 'ประธานกรรมการมูลนิธิคณะแพทยศาสตร์', 'ขอเรียนเชิญเป็นวิทยากรโครงการ “อบรมสัมมนาเชิงปฏิบัติการเพื่อพัฒนาองค์กรของศูนย์ตะวันฉาย ให้เกียรติเป็นวิทยากรในหัวข้อเรื่อง “การดำเนินงานมูลนิธิ” วันพฤหัสบดีที่ 16 มีนาคม 2560 เวลา 08.30-12.00 น. ณ ห้องประชุมศูนย์ตะวันฉาย (เจ้าหน้าที่มูลนิธิคณะแพทย์)', '', '', 2, '', 2, '2017-03-10'),
(297, 'ศธ0514.7.1.2.3.4.1/4202', '', '2017-03-10', 'รอง.ผอ.ฝ่ายวิจัย ศูนย์วิจัยฯ', 'คณบดีคณะแพทยศาสตร์ (ผ่านรองคณบดีฝ่ายทรัพยากรบุคคล)', 'ขออนุมัติไปราชการในประเทศเพื่อเป็นวิทยากรและเข้าร่วมโครงการสัมมนาโครงการอบรมสัมมนาเชิงปฏิบัติการเพื่อพัฒนาองค์กรของศูนย์ตะวันฉาย (Seminar & Workshop for Tawanchai Organization Development)ระหว่างวันที่ 16-17 มีนาคม 2560 เวลา 08.30-16.30 น. รวมระยะเวลาทั้งสิ้น 2 วัน', '', '', 2, '', 2, '2017-03-10'),
(298, 'ตวฉ/2105', '', '0000-00-00', 'มูลนิธิตะวันฉายฯ', 'นายกองค์การบริหารส่วนจังหวัดขอนแก่น', 'ขอส่งโครงการเพื่อขอรับการสนับสนุนงบประมาณ ประจำปี 2561', '', '', 1, '', 2, '0000-00-00'),
(299, '1367', 'ศธ 0514.7.1.1.2/2783', '2017-03-13', 'นางดวงดาว ประทิพย์อาราม', 'ผู้อำนวยการศูนย์ตะวันฉาย', 'ขอส่งสำเนาหนังสืออนุมัติไปราชการวันที่ 14 มีนาคม 2560 ณ กทม.', '', '', 3, '', 1, '0000-00-00'),
(300, 'ศธ0514.7.1.2.3.4/1371', '', '2017-03-13', 'ผู้อำนวยการศูนย์ตะวันฉาย และประธานกรรมการมูลนิธิตะวันฉายฯ', 'ผู้อำนวยการโรงพยาบาลทันตกรรม', 'ขอข้อมูลการให้บริการผู้ป่วยปากแหว่ง เพดานโหว่ฯ คลินิกศัลยศาสตร์ช่องปากและกระดูกขากรรไกร', '', '', 3, '', 2, '2017-03-13'),
(301, 'ศธ0514.7.1.2.3.4.1/4203', '', '2017-03-13', 'น.ส.นงลักษณ์ พรมขอนยาง (ผู้ช่วยวิจัยและธุรการ)', 'อ.นพ.เก่งกาจ วินัยโกศล', 'ขอส่งสำเนาคำสั่งที่ 1/2560 เรื่องแต่งตั้งคณะกรรมการบริหารศูนย์ตะวันฉาย', '', '', 2, '', 2, '2017-03-13'),
(302, 'ศธ0514.7.1.2.3.4.1/4204', '', '2017-03-13', 'น.ส.นงลักษณ์ พรมขอนยาง (ผู้ช่วยวิจัยและธุรการ)', 'อ.พญ.ปัทมา ปัญญาวงศ์', 'ขอส่งสำเนาคำสั่งที่ 1/2560 เรื่องแต่งตั้งคณะกรรมการบริหารศูนย์ตะวันฉาย', '', '', 2, '', 2, '2017-03-13'),
(303, 'ศธ0514.7.1.2.3.4.1/4205', '', '2017-03-13', 'น.ส.นงลักษณ์ พรมขอนยาง (ผู้ช่วยวิจัยและธุรการ)', 'ผศ.ดร.ขนิษฐา วรธงชัย (คณะพยาบาลศาสตร์)', 'ขอส่งสำเนาคำสั่งที่ 1/2560 เรื่องแต่งตั้งคณะกรรมการบริหารศูนย์ตะวันฉาย', '', '', 2, '', 2, '2017-03-13'),
(304, 'ศธ0514.7.1.2.3.4.1/4206', '', '2017-03-13', 'น.ส.นงลักษณ์ พรมขอนยาง (ผู้ช่วยวิจัยและธุรการ)', 'ผศ.ทพ.พูนศักดิ์ ภิเศก (ภาควิชาทันตกรรมจัดฟัน คณะทันตแพทยศาสตร์)', 'ขอส่งสำเนาคำสั่งที่ 1/2560 เรื่องแต่งตั้งคณะกรรมการบริหารศูนย์ตะวันฉาย', '', '', 2, '', 2, '2017-03-13'),
(305, 'ศธ0514.7.1.2.3.4.1/4207', '', '2017-03-13', 'น.ส.นงลักษณ์ พรมขอนยาง (ผู้ช่วยวิจัยและธุรการ)', 'รศ.พญ.นิรมล พัจนสุนทร', 'ขอส่งสำเนาคำสั่งที่ 1/2560 เรื่องแต่งตั้งคณะกรรมการบริหารศูนย์ตะวันฉาย', '', '', 2, '', 2, '2017-03-13'),
(306, 'ศธ0514.7.1.2.3.4.1/4208', '', '2017-03-13', 'น.ส.นงลักษณ์ พรมขอนยาง (ผู้ช่วยวิจัยและธุรการ)', 'รศ.ดร.เบญจมาศ พระธานี', 'ขอส่งสำเนาคำสั่งที่ 1/2560 เรื่องแต่งตั้งคณะกรรมการบริหารศูนย์ตะวันฉาย', '', '', 2, '', 2, '2017-03-13'),
(307, 'ศธ0514.7.1.2.3.4.1/4209', '', '2017-03-13', 'น.ส.นงลักษณ์ พรมขอนยาง (ผู้ช่วยวิจัยและธุรการ)', 'ผู้อำนวยการศูนย์ตะวันฉาย', 'ขอส่งสำเนาคำสั่งที่ 1/2560 เรื่องแต่งตั้งคณะกรรมการบริหารศูนย์ตะวันฉาย', '', '', 2, '', 2, '2017-03-13'),
(308, 'ศธ0514.7.1.2.3.4.1/4210', '', '2017-03-14', 'ผู้อำนวยการศูนย์วิจัยผู้ป่วยปากแหว่งฯ', 'หัวหน้าภาควิชาศัลยศาสตร์', 'ขอเรียนเชิญเข้าร่วมโครงการประชุมเชิงปฏิบัติการ เรื่อง การพัฒนาโครงร่างวิจัยแบบสหวิทยาการศูนย์ตะวันฉาย 2560 ในวันศุกร์ที่ 31 มี.ค. 2560 เวลา 12.30-16.00 น. ณ ห้องประชุมศูนย์ตะวันฉาย', '', '', 2, '', 2, '2017-03-14'),
(309, 'ศธ0514.7.1.2.3.4.1/4211', '', '2017-03-14', 'ผู้อำนวยการศูนย์วิจัยผู้ป่วยปากแหว่งฯ', 'หัวหน้าภาควิชาโสต ศอ นาสิกวิทยา', 'ขอเรียนเชิญเข้าร่วมโครงการประชุมเชิงปฏิบัติการ เรื่อง การพัฒนาโครงร่างวิจัยแบบสหวิทยาการศูนย์ตะวันฉาย 2560 ในวันศุกร์ที่ 31 มี.ค. 2560 เวลา 12.30-16.00 น. ณ ห้องประชุมศูนย์ตะวันฉาย', '', '', 2, '', 2, '2017-03-14'),
(310, 'ศธ0514.7.1.2.3.4.1/4212', '', '2017-03-14', 'ผู้อำนวยการศูนย์วิจัยผู้ป่วยปากแหว่งฯ', 'หัวหน้าภาควิชาจักษุวิทยา', 'ขอเรียนเชิญเข้าร่วมโครงการประชุมเชิงปฏิบัติการ เรื่อง การพัฒนาโครงร่างวิจัยแบบสหวิทยาการศูนย์ตะวันฉาย 2560 ในวันศุกร์ที่ 31 มี.ค. 2560 เวลา 12.30-16.00 น. ณ ห้องประชุมศูนย์ตะวันฉาย', '', '', 2, '', 2, '2017-03-14'),
(311, 'ศธ0514.7.1.2.3.4.1/4213', '', '2017-03-14', 'ผู้อำนวยการศูนย์วิจัยผู้ป่วยปากแหว่งฯ', 'หัวหน้าภาควิชาสูติศาสตร์และนรีเวชวิทยา', 'ขอเรียนเชิญเข้าร่วมโครงการประชุมเชิงปฏิบัติการ เรื่อง การพัฒนาโครงร่างวิจัยแบบสหวิทยาการศูนย์ตะวันฉาย 2560 ในวันศุกร์ที่ 31 มี.ค. 2560 เวลา 12.30-16.00 น. ณ ห้องประชุมศูนย์ตะวันฉาย', '', '', 2, '', 2, '2017-03-14'),
(312, 'ศธ0514.7.1.2.3.4.1/4214', '', '2017-03-14', 'ผู้อำนวยการศูนย์วิจัยผู้ป่วยปากแหว่งฯ', 'หัวหน้าภาควิชากุมารเวชศาสตร์', 'ขอเรียนเชิญเข้าร่วมโครงการประชุมเชิงปฏิบัติการ เรื่อง การพัฒนาโครงร่างวิจัยแบบสหวิทยาการศูนย์ตะวันฉาย 2560 ในวันศุกร์ที่ 31 มี.ค. 2560 เวลา 12.30-16.00 น. ณ ห้องประชุมศูนย์ตะวันฉาย', '', '', 2, '', 2, '2017-03-14'),
(313, 'ศธ0514.7.1.2.3.4.1/4215', '', '2017-03-14', 'ผู้อำนวยการศูนย์วิจัยผู้ป่วยปากแหว่งฯ', 'หัวหน้าภาควิชารังสีวิทยา', 'ขอเรียนเชิญเข้าร่วมโครงการประชุมเชิงปฏิบัติการ เรื่อง การพัฒนาโครงร่างวิจัยแบบสหวิทยาการศูนย์ตะวันฉาย 2560 ในวันศุกร์ที่ 31 มี.ค. 2560 เวลา 12.30-16.00 น. ณ ห้องประชุมศูนย์ตะวันฉาย', '', '', 2, '', 2, '2017-03-14'),
(314, 'ศธ0514.7.1.2.3.4.1/4216', '', '2017-03-14', 'ผู้อำนวยการศูนย์วิจัยผู้ป่วยปากแหว่งฯ', 'หัวหน้าภาควิชาวิสัญญีวิทยา', 'ขอเรียนเชิญเข้าร่วมโครงการประชุมเชิงปฏิบัติการ เรื่อง การพัฒนาโครงร่างวิจัยแบบสหวิทยาการศูนย์ตะวันฉาย 2560 ในวันศุกร์ที่ 31 มี.ค. 2560 เวลา 12.30-16.00 น. ณ ห้องประชุมศูนย์ตะวันฉาย', '', '', 2, '', 2, '2017-03-14'),
(315, 'ศธ0514.7.1.2.3.4.1/4217', '', '2017-03-14', 'ผู้อำนวยการศูนย์วิจัยผู้ป่วยปากแหว่งฯ', 'หัวหน้างานบริการพยาบาล รพ.ศรีนครินทร์', 'ขอเรียนเชิญเข้าร่วมโครงการประชุมเชิงปฏิบัติการ เรื่อง การพัฒนาโครงร่างวิจัยแบบสหวิทยาการศูนย์ตะวันฉาย 2560 ในวันศุกร์ที่ 31 มี.ค. 2560 เวลา 12.30-16.00 น. ณ ห้องประชุมศูนย์ตะวันฉาย', '', '', 2, '', 2, '2017-03-14'),
(316, 'ศธ0514.7.1.2.3.4.1/4218', '', '2017-03-14', 'ผู้อำนวยการศูนย์วิจัยผู้ป่วยปากแหว่งฯ', 'หัวหน้าภาควิชาทันตกรรมสำหรับเด็ก คณะทันตแพทยศาสตร์', 'ขอเรียนเชิญเข้าร่วมโครงการประชุมเชิงปฏิบัติการ เรื่อง การพัฒนาโครงร่างวิจัยแบบสหวิทยาการศูนย์ตะวันฉาย 2560 ในวันศุกร์ที่ 31 มี.ค. 2560 เวลา 12.30-16.00 น. ณ ห้องประชุมศูนย์ตะวันฉาย', '', '', 2, '', 2, '2017-03-14'),
(317, 'ศธ0514.7.1.2.3.4.1/4219', '', '2017-03-14', 'ผู้อำนวยการศูนย์วิจัยผู้ป่วยปากแหว่งฯ', 'หัวหน้าภาควิชาทันตกรรมประดิษฐ์ คณะทันตแพทยศาสตร์', 'ขอเรียนเชิญเข้าร่วมโครงการประชุมเชิงปฏิบัติการ เรื่อง การพัฒนาโครงร่างวิจัยแบบสหวิทยาการศูนย์ตะวันฉาย 2560 ในวันศุกร์ที่ 31 มี.ค. 2560 เวลา 12.30-16.00 น. ณ ห้องประชุมศูนย์ตะวันฉาย', '', '', 2, '', 2, '2017-03-14'),
(318, 'ศธ0514.7.1.2.3.4.1/4220', '', '2017-03-14', 'ผู้อำนวยการศูนย์วิจัยผู้ป่วยปากแหว่งฯ', 'หัวหน้าภาควิชาศัลยศาสตร์ช่องปากและกระดูกขากรรไกร คณะทันตแพทยศาสตร์', 'ขอเรียนเชิญเข้าร่วมโครงการประชุมเชิงปฏิบัติการ เรื่อง การพัฒนาโครงร่างวิจัยแบบสหวิทยาการศูนย์ตะวันฉาย 2560 ในวันศุกร์ที่ 31 มี.ค. 2560 เวลา 12.30-16.00 น. ณ ห้องประชุมศูนย์ตะวันฉาย', '', '', 2, '', 2, '2017-03-14'),
(319, 'ศธ0514.7.1.2.3.4.1/4221', '', '2017-03-14', 'ผู้อำนวยการศูนย์วิจัยผู้ป่วยปากแหว่งฯ', 'หัวหน้าภาควิชาทันตกรรมจัดฟัน คณะทันตแพทยศาสตร์', 'ขอเรียนเชิญเข้าร่วมโครงการประชุมเชิงปฏิบัติการ เรื่อง การพัฒนาโครงร่างวิจัยแบบสหวิทยาการศูนย์ตะวันฉาย 2560 ในวันศุกร์ที่ 31 มี.ค. 2560 เวลา 12.30-16.00 น. ณ ห้องประชุมศูนย์ตะวันฉาย', '', '', 2, '', 2, '2017-03-14'),
(320, 'ศธ0514.7.1.2.3.4.1/4222', '', '2017-03-14', 'ผู้อำนวยการศูนย์วิจัยผู้ป่วยปากแหว่งฯ', 'คณบดีคณะวิทยาศาสตร์ (ผ่านหัวหน้าภาควิชาวิทยาการคอมพิวเตอร์)', 'ขอเรียนเชิญเข้าร่วมโครงการประชุมเชิงปฏิบัติการ เรื่อง การพัฒนาโครงร่างวิจัยแบบสหวิทยาการศูนย์ตะวันฉาย 2560 ในวันศุกร์ที่ 31 มี.ค. 2560 เวลา 12.30-16.00 น. ณ ห้องประชุมศูนย์ตะวันฉาย', '', '', 2, '', 2, '2017-03-14'),
(321, 'ศธ0514.7.1.2.3.4.1/4223', '', '2017-03-14', 'ผู้อำนวยการศูนย์วิจัยผู้ป่วยปากแหว่งฯ', 'คณบดีคณะพยาบาลศาสตร์', 'ขอเรียนเชิญเข้าร่วมโครงการประชุมเชิงปฏิบัติการ เรื่อง การพัฒนาโครงร่างวิจัยแบบสหวิทยาการศูนย์ตะวันฉาย 2560 ในวันศุกร์ที่ 31 มี.ค. 2560 เวลา 12.30-16.00 น. ณ ห้องประชุมศูนย์ตะวันฉาย', '', '', 2, '', 2, '2017-03-14'),
(322, 'ศธ0514.7.1.2.3.4.1/4224', '', '2017-03-14', 'ผู้อำนวยการศูนย์วิจัยผู้ป่วยปากแหว่งฯ', 'ผศ.ทพ.พูนศักดิ์ ภิเศก (ภาควิชาทันตกรรมจัดฟัน คณะทันตแพทยศาสตร์)', 'รับรองการตีพิมพ์บทความ', '', '', 2, '', 2, '2017-03-14'),
(323, '1277', 'ศธ 0514.7.1.1.2/2818', '2017-03-14', 'นางดวงดาว ประทิพย์อาราม (หน่วยการเจ้าหน้าที่)', 'ผู้อำนวยการศูนย์วิจัยผู้ป่วยปากแหว่ง เพดานโหว่ฯ', 'ขอส่งสำเนาหนังสืออนุมัติไปราชการวันที่ 16-17 มีนาคม 2560', '', '', 2, '', 1, '0000-00-00'),
(324, 'ศธ0514.7.1.2.3.4.1/4225', '', '2017-03-14', 'ผู้อำนวยการศูนย์วิจัยผู้ป่วยปากแหว่งฯ', 'หัวหน้าภาควิชาจิตเวชศาสตร์', 'ขอเรียนเชิญเข้าร่วมโครงการประชุมเชิงปฏิบัติการ เรื่อง การพัฒนาโครงร่างวิจัยแบบสหวิทยาการศูนย์ตะวันฉาย 2560 ในวันศุกร์ที่ 31 มี.ค. 2560 เวลา 12.30-16.00 น. ณ ห้องประชุมศูนย์ตะวันฉาย', '', '', 2, '', 2, '2017-03-14'),
(325, 'ศธ0514.7.1.2.3.4.1/4226', '', '2017-03-14', 'ผู้อำนวยการศูนย์วิจัยผู้ป่วยปากแหว่งฯ', 'หน้วยเวชระเบียนและสถิติ โรงพยาบาลศรีนครินทร์', 'ขอเรียนเชิญเข้าร่วมโครงการประชุมเชิงปฏิบัติการ เรื่อง การพัฒนาโครงร่างวิจัยแบบสหวิทยาการศูนย์ตะวันฉาย 2560 ในวันศุกร์ที่ 31 มี.ค. 2560 เวลา 12.30-16.00 น. ณ ห้องประชุมศูนย์ตะวันฉาย', '', '', 2, '', 2, '2017-03-14'),
(326, 'ตวฉ/2106', '', '0000-00-00', 'นางสุธีรา ประดับวงษ์', 'ประธานมูลนิธิตะวันฉายฯ', 'ขออนุมัติและเบิกจ่ายเงินบริจาคสำหรับผู้ที่ประสงค์ใบเสร็จใบเงินเพื่อนำไปยื่นขอลดหย่อนภาษี', '', '', 1, '', 2, '0000-00-00'),
(327, 'ตวฉ/2107', '', '0000-00-00', 'มูลนิธิตะวันฉายฯ', 'ประธานมูลนิธิคณะแแทยศาสตร์', 'ขออนุมัติค่าใช้จ่าย จากกองทุนปากแหว่งเพดานโหว่ฯ', '', '', 1, '', 2, '0000-00-00'),
(328, '1368', 'ศธ0514.7.3.17/ว.195', '2017-03-08', 'งานพัฒนาคุณภาพโรงพยาบาล คณะแพทยศาสตร์', 'หัวหน้างาน/หัวหน้าภาควิชา/ผู้ตรวจการแผนกการพยาบาล/หัวหน้าหอผู้ป่วย ทุกหน่วยงาน', 'ขอความอนุเคราะห์กรอกข้อมูลแบบสำรวจเพื่อการวินิจฉัยองค์กรแบบออนไลน์', 'นางสาวภาวิณี รูปพรม', '', 3, '', 1, '0000-00-00'),
(329, '1278', 'ศธ 0514.7.2.14/545', '2017-03-20', 'นพ.ฐิติ จันทร์เมฆา (ภาควิชาศัลยศาสตร์)', 'ผู้อำนวยการศูนย์วิจัยผู้ป่วยปากแหว่ง เพดานโหว่ฯ', 'แจ้งความประสงค์ตีพิมพ์บทความลงในวารสารจดหมายเหตุทางแพทย์ ปี 2017', '', '', 2, '', 1, '0000-00-00'),
(330, '1279', 'ศธ 0514.7.1.1.2/323', '2017-03-16', 'หน่วยการเจ้าหน้าที่ คณะแพทยศาสตร์', 'หัวหน้างานบริการพยาบาล ( นางสุธีรา ประดับวงษ์)', 'ขออนุมัติเงินทุนพัฒนาสายสนับสนุนไปนำเสนอผลงานนานาชาติ', '', '', 2, '', 1, '0000-00-00'),
(331, '2083', 'มพช.012/2560', '2017-03-14', 'นายสนิท สุวรรณศร (ประธานมูลนิธิร่วมพัฒนาชนบทไทย-อาเซียน)', 'ศาสตราจารย์นายแพทย์บวรศิลป์ เชาวน์ชื่น', 'ขอเรียนเชิญเป็นที่ปรึกษามูลนิธิร่วมพัฒนาชนบทไทย-อาเซียน', '', '', 1, '', 1, '0000-00-00'),
(332, '2084', 'มพช.013/2560', '2017-03-14', 'นายสนิท สุวรรณศร (ประธานมูลนิธิร่วมพัฒนาชนบทไทย-อาเซียน)', 'คุณสุธีรา ประดับวงษ์', 'ขอเรียนเชิญเป็นที่ปรึกษามูลนิธิร่วมพัฒนาชนบทไทย-อาเซียน', '', '', 1, '', 1, '0000-00-00'),
(333, '2085', 'สปช.801-030/2560', '2017-03-14', 'นายสนิท สุวรรณศร (ประธานมูลนิธิร่วมพัฒนาชนบทไทย-อาเซียน)', 'ประธานกรรมการมูลนิธิตะวันฉายฯ', 'ขอตอบรับเป็นที่ปรึกษามูลนิธิตะวันฉาย', '', '', 1, '', 1, '0000-00-00'),
(334, 'ศธ0514.7.1.2.3.4.1/4227', '', '2017-03-20', 'น.ส.ชิโนรส สืบไวย', 'อ.นพ.ฐิติ จันทร์เมฆา (ภาควิชาศัลยศาสตร์)', 'ส่งเอกสารฉบับจริงคืน (แบบแสดงหลักฐานการมีส่วนร่วมในการวิจัย', '', '', 2, '', 2, '2017-03-20'),
(335, 'ตวฉ/2108', '', '2017-03-21', 'ประธานกรรมการมูลนิธิตะวันฉาย', 'ประธานมูลนิธิร่วมพัฒนาชนบทไทย-อาเชียน', 'ตอบรับเป็นที่ปรึกษา', '', '', 1, '', 2, '0000-00-00'),
(336, 'ตวฉ/2109', '', '2017-03-22', 'นางสุธีรา ประดับวงษ์', 'ประธานมูลนิธิร่วมพัฒนาชนบทไทย-อาเซียน', 'ตอบรับเป็นที่ปรึกษา', 'นางสาวภาวิณี รูปพรม', '', 1, '', 2, '0000-00-00'),
(337, 'ศธ0514.7.1.2.3.4.1/4228', '', '2017-03-22', 'เลขานุการศูนย์วิจัยฯ', 'ผู้อำนวยการศูนย์วิจัยฯ', 'ขออนุมัติเเละเบิกจ่ายค่าตีพิมพ์วารสาร จพสท.(งวดที่2/59)', '', '', 2, '', 2, '2017-03-22'),
(338, 'ศธ0514.7.1.2.3.4.1/4229', '', '2017-03-22', 'เลขานุการศูนย์วิจับฯ', 'ผู้อำนวยการศูนย์วิจัยฯ', 'ขออนุมัติเเละเบิกจ่ายเงินคืนเข้าบัญชีศูนย์การดูแลฯ', '', '', 2, '', 2, '2017-03-22');
INSERT INTO `tb_main1` (`id_main1`, `registration`, `at`, `date`, `from`, `to`, `subject`, `practice`, `note`, `type_record`, `filename`, `type_document`, `date_record`) VALUES
(339, 'ศธ0514.7.1.2.3.4.1/4230', '', '2017-03-22', 'เลขานุการศูนย์วิจัยฯ', 'ผู้อำนวยการศูนย์วิจัยฯ', 'ขออนุมัติเบิกค่าใช้จ่ายประจำเดือนมีนาคม 2560', '', '', 2, '', 2, '2017-03-22'),
(340, 'ศธ0514.7.1.2.3.4/1372', '', '2017-03-22', 'กรรมการและเลขานุการ', 'ผู้อำนวยการศูนย์ตะวันฉาย', 'ขออนุมัติและเบิกค่าใช้จ่ายประจำเดือนมีนาคม 2560', '', '', 3, '', 2, '2017-03-22'),
(341, 'ศธ0514.7.1.2.3.4/1373', '', '2017-03-22', 'กรรมการและเลขานุการ', 'ผู้อำนวยการศูนย์ตะวันฉาย', 'ขออนุมัติและเบิกจ่ายค่าดำเนินงาน ประจำเดือนมีนาคม 2560', '', '', 3, '', 2, '2017-03-22'),
(342, 'ศธ0514.7.1.2.3.4.1/4231', '', '2017-03-22', 'ผู้อำนวยการศูนย์ตะวันฉาย', 'ทีมพยาบาลสหวิทยาการที่ร่วมดูแลผู้ป่วยปากแหว่ง เพดานโหว่ฯ', 'ขอเรียนเชิญเข้าร่วมประชุมเพื่อระดมความคิดเห็นในการจัดทำรายงานประเมินตนเอง (SAR) ในวันศุกร์ที่ 24 มีนาคม 2560 เวลา 09.00-12.00 น. ณ ห้องประชุมศูนย์ตะวันฉาย', '', '', 2, '', 2, '2017-03-22'),
(343, 'ศธ0514.7.1.2.3.4.1/4232', '', '2017-03-22', 'ผู้อำนวยการศูนย์ตะวันฉาย', 'คุณธารินี เพชรรัตน์ (ผู้ตรวจการแผนกการพยาบาลศัลยกรรมและออร์โธปิดิกส์)', 'ขอเรียนเชิญท่านเป็นที่ปรึกษาในการจัดทำรายงานการประเมินตนเอง (SAR) เพื่อการรับรองมาตรฐานรับรองเฉพาะโรคปากแหว่งเพดานโหว่ฯ ในวันศุกร์ที่ 24 มีนาคม 2560 เวลา 09.00-12.00 น. ณ ห้องประชุมศูนย์ตะวันฉาย', '', '', 2, '', 2, '2017-03-22'),
(344, 'ศธ0514.7.1.2.3.4.1/4233', '', '2017-03-22', 'ผู้อำนวยการศูนย์ตะวันฉาย', 'คุณจงกล พลตรี (หัวหน้างานพัฒนาคุณภาพโรงพยาบาล)', 'ขอเรียนเชิญท่านเป็นที่ปรึกษาในการจัดทำรายงานการประเมินตนเอง (SAR) เพื่อการรับรองมาตรฐานรับรองเฉพาะโรคปากแหว่งเพดานโหว่ฯ ในวันศุกร์ที่ 24 มีนาคม 2560 เวลา 09.00-12.00 น. ณ ห้องประชุมศูนย์ตะวันฉาย', '', '', 2, '', 2, '2017-03-22'),
(345, 'ศธ0514.7.1.2.3.4.1/4234', '', '2017-03-22', 'ผู้อำนวยการศูนย์ตะวันฉาย', 'คุณรุ่งทิวา ชอบชื่น (รองหัวหน้างานบริการพยาบาลฝ่ายคลิกบริการ)', 'ขอเรียนเชิญท่านเป็นที่ปรึกษาในการจัดทำรายงานการประเมินตนเอง (SAR) เพื่อการรับรองมาตรฐานรับรองเฉพาะโรคปากแหว่งเพดานโหว่ฯ ในวันศุกร์ที่ 24 มีนาคม 2560 เวลา 09.00-12.00 น. ณ ห้องประชุมศูนย์ตะวันฉาย', '', '', 2, '', 2, '2017-03-22'),
(346, '1280', 'ศธ 0514.1.57/ว.051', '2017-03-21', 'หัวหน้ากลุ่มวิจัยเฉพาะทางเลเซอร์วิทยาทางทันตแพทยศาสตร์', 'หัวหน้าศูนย์วิจัยผู้ป่วยปากแหว่งเพดานโหว่ฯ ภายใต้โครงการตะวันฉาย คณะแพทยศาสตร์', 'ขอส่งมาตรฐานการดูแลและการใช้เลเซอร์ทางทันตกรรมอย่างปลอดภัย', '', '', 2, '', 1, '0000-00-00'),
(347, 'ตวฉ/2110', '', '0000-00-00', 'กรรมการมูลนิธิตะวันฉายฯ', 'ประธานมูลนิธิตะวันฉายฯ', 'ขออนุมัติและเบิกค่าใช้จ่ายประจำเดือนมีนาคม 2560', '', '', 1, '', 2, '0000-00-00'),
(348, '1369', 'ศธ051.7.1.1.1/728', '2017-03-17', 'หน่วยสารบรรณ คณะแพทยศาสตร์', 'รองผู้อำนวยการศูนยตะวันฉายฝ่ายวิชาการและคลินิกบริการ', 'ตอบรับเป็นวิทยากร', 'นางสาวภาวิณี รูปพรม', '', 3, '', 1, '0000-00-00'),
(349, 'ศธ0514.7.1.2.3.4/1374', '', '2017-03-22', 'ผู้อำนวยการศูนย์ตะวันฉาย', 'คณะบดีคณะแพทยศาสตร์', 'ขออนุมัติจัดตั้งกองทุนตะวันฉาย เพื่อการศึกษา', 'เสนอคณบดีคณแพทยศาสตร์', '', 3, '', 2, '2017-03-22'),
(350, '1370', 'ศธ 0514.7.1.2.3.4.1/ว.4231', '2017-03-22', 'ศูนย์การดูแลผู้ป่วยปากแหว่ง เพดานโหว่ฯ', 'นางสุธีรา ประดับวงษ์', 'ขอเรียนเชิญเข้าร่วมประชุมเพื่อระดมความคิดเห็นในการจัดทำรายงานประเมินตนเอง (SAR)', 'นางสาวภาวิณี รูปพรม', '', 3, '', 1, '0000-00-00'),
(351, 'ศธ0514.7.1.2.3.4/1375', '', '2017-03-23', 'เจ้าหน้าที่บริหารจัดการโครงการ', 'กรรมการและเลขานุการศูนย์การดูแลฯ', 'ขออนุมัติและเบิกจ่ายเงินกู้ยืมปลอดดอกเบี้ยศูนย์ตะวันฉาย', '', '', 3, '', 2, '2017-03-23'),
(352, '1371', 'ศธ0514.1.3.2/ว.2024', '2017-03-21', 'กองการเจ้าหน้าที่ งานทะเบียนประวัติ', 'นางสุธีรา ประดับวงษ์', 'ขอเรียนเชิญร่วมรับรางวัลในงานชื่นชมยินดี ด้วยไมตรีและขอบคุณ ประจำปี 2560', 'นางสาวภาวิณี รูปพรม', '', 3, '', 1, '0000-00-00'),
(353, '1372', 'ศธ0514.7.3.19/ว.123', '2017-03-23', 'งานสนับสนุนบริการสู่ความเป็นเลิศ', 'หัวหน้าศูนย์ความเป็นเลิศตะวันฉาย โรงพยาบาลศรีนครินทร์ (ศ.บวรศิลป์ เชาวน์ชื่น)', 'ขอเชิญประชุมจัดทำสื่อประชาสัมพันธ์', 'นางสาวภาวิณี รูปพรม', '', 3, '', 1, '0000-00-00'),
(354, '1373', 'ศธ0514.7.3.19/ว.123', '2017-03-23', 'งานสนับสนุนบริการสู่ความเป็นเลิศ', 'เลขานุการศูนย์ความเป็นเลิศตะวันฉาย โรงพยาบาลศรีนครินทร์ (นางสุธีรา ประดับวงษ์)', 'ขอเชิญประชุมจัดทำสื่อประชาสัมพันธ์', 'นางสาวภาวิณี รูปพรม', '', 3, '', 1, '0000-00-00'),
(355, '1374', 'ศธ0514.7.3.17/ว.233', '2017-03-23', 'งานพัฒนาคุณภาพโรงพยาบาลศรีนครินทร์', 'หัวหน้าศูนย์ตะวันฉาย', 'ขอความอนุเคราะห์เอกสารประกอบการเยี่ยมสำรวจ', 'นางสาวภาวิณี รูปพรม', '', 3, '', 1, '0000-00-00'),
(356, 'ศธ0514.7.1.2.3.4.1/4235', '', '2017-03-24', 'ผู้อำนวยการศูนย์วิจัยผู้ป่วยปากแหว่งฯ', 'รองอธิการบดีฝ่ายวิจัยและการถ่ายทอดเทคโนโลยี (ผ่านรองคณบดีฝ่ายวิจัย คณะแพทยศาสตร์)', 'ขอส่งรายงานผลการดำเนินงานประจำปี 2560 รอบที่ 1 (1 ตุลาคม 2559-31 มีนาคม 2560)', '', '', 2, '', 2, '2017-03-24'),
(357, '1281', 'ศธ 0514.7.2.2/72', '2017-03-14', 'ศาสตราจารย์อวยพร ปะนะมณฑา (ภาควิชากุมารเวชศาสตร์)', 'ผู้อำนวยการศูนย์วิจัยผู้ป่วยปากแหว่ง เพดานโหว่ฯ', 'แจ้งความประสงค์ตีพิมพ์บทความลงในวารสารจดหมายเหตุทางแพทย์ 2017', '', '', 2, '', 1, '0000-00-00'),
(358, '1282', 'ศธ 0514.13.3/31', '2017-02-14', 'ผศ.พูนศํกดิ์ ภิเศก', 'ผู้อำนวยการศูนย์วิจัยผู้ป่วยปากแหว่ง เพดานโหว่ฯ', 'แจ้งความประสงค์ตีพิมพ์บทความลงในวารสารจดหมายเหตุทางแพทย์ 2017', '', '', 2, '', 1, '0000-00-00'),
(359, '1283', 'ศธ 0514.7.2.14/407', '2017-03-01', 'นายแพทย์นิธิ ศรีสุขุมชัย', 'ผู้อำนวยการศูนย์วิจัยผู้ป่วยปากแหว่ง เพดานโหว่ฯ', 'แจ้งความประสงค์ตีพิมพ์บทความลงในวารสารจดหมายเหตุทางแพทย์ 2017', '', '', 2, '', 1, '0000-00-00'),
(360, 'ตวฉ/2111', '', '2017-03-27', 'ประธานกรรมการมูลนิธิตะวันฉาย', 'คณบดีคณะแพทยศาสตร์ มหาวิทยาลัยขอนแก่น', 'ขอสถานที่เพื่อปลูกต้นกัลปพฤกษ์ เฉลิมพระเกียรติสมเด็จพระเทพรัตนราชสุดาฯ สยามบรมราชกุมารี ในโครงการ"ปลูกต้นกัลปพฤกษ์ เพื่อเฉลิมพระเกียรติ', '', '', 1, '', 2, '0000-00-00'),
(361, 'ศธ0514.7.1.2.3.4/1376', '', '2017-03-29', 'ประธานมูลนิธิตะวันฉายฯ', 'นายกองค์การบริหารส่วนจังหวัดขอนแก่น', 'ขอรับงบประมาณอุดหนุนโครงการพัฒนารูปแบบการบริการที่สมบูรณ์แบบฯ ครั้งที่ 5', '', '', 3, '', 2, '2017-03-27'),
(362, 'ศธ0514.7.1.2.3.4/1377', '', '2017-03-27', 'Prof. Bowornsilp Chowchuen, MD. Director of Tawanchai Center of Excellence', 'Dr. Htwe Htwe Hlaing Mandalay General Hospital, Mandalay, Myanmar', 'Invitation to join training program : Dr. Htwe Htwe Hlaing', '', '', 3, '', 2, '2017-03-27'),
(363, 'ตวฉ/2112', '', '2017-03-27', 'ประธานกรรมการมูลนิธิตะวันฉาย', 'ผู้อำนวยการโรงเรียนมีชัยพัฒนา', 'ขอความอนุเคราะห์ส่งนักเรียนเข้าร่วมโครงการ อบจ.ปี 2560 ระหว่างวันที่ 5-6 พฤษภาคม 2560 ณ ชุดาปาร์ค รีสอร์ท ขอนแก่น', '', '', 1, '', 2, '0000-00-00'),
(364, 'ตวฉ/2113', '', '2017-03-27', 'นางสุธีรา ประดับวงษ์ (กรรมการและเลขานุการ)', 'นายกเหล่ากาชาดจังหวัดขอนแก่น', 'ขอส่งเอกสาร ยสส.2,4และ 5 ยอดเงิน 50,000 บาท', '', '', 1, '', 2, '0000-00-00'),
(365, '1284', 'ศธ0514.20/ว.397', '2017-03-22', 'รองผู้อำนวยการฝ่ายอำนวยการสำนักงานบริการวิชาการ', 'คณบดีคณะแพทยศาสตร์ (ผู้อำนวยการศูนย์ตะวันฉาย)', 'ขอความอนุเคราะห์รายงานความก้าวหน้าการดำเนินงานโครงการบริการวิชาการแก่สังคม ประจำปีงบประมาณ พ.ศ. 2560 (ไตรมาส2)', '', '', 2, '', 1, '0000-00-00'),
(366, '1285', 'สพ0032.102/2233', '2017-03-13', 'รองผู้อำนวยการฝ่ายการแพทย์ โรงพยาบาลเจ้าพระยายมราช สุพรรณบุรี', 'ผู้อำนวยการศูนย์วิจัยผู้ป่วยปากแหว่ง เพดานโหว่ฯ', 'ตอบขอบคุณ', '', '', 2, '', 1, '0000-00-00'),
(367, '1375', 'ศธ0514.7.1.4/พิเศษ', '2017-03-27', 'หน่วยจัดหาคุรุภัณฑ์และงานจ้าง งานพัสดุ คณะแพทยศาสตร์', 'คณะกรรมการตรวจรับพัสดุ', 'ขอเชิญไปตรวจรับพัสดุ', 'นางสาวภาวิณี รูปพรม', '', 3, '', 1, '0000-00-00'),
(368, 'ศธ0514.7.1.2.3.4.1/4236', '', '2017-03-29', 'ผู้อำนวยการศูนย์วิจัยผู้ป่วยปากแหว่งฯ', 'ผู้อำนวยการศูนย์บริการวิชาการ', 'ขอส่งรายงานความก้าวหน้าโครงการบริการวิชาการแก่สังคม   ปีงบประมาณ พ.ศ.2560	(ไตรมาส 2)', '', '', 2, '', 2, '2017-03-29'),
(369, '1286', '-', '2017-03-27', 'ทพญ.อัจฉริยพร ร้านจันทร์', 'ผู้อำนวยการศูนย์วิจัยผู้ป่วยปากแหว่ง เพดานโหว่ฯ', 'แจ้งความประสงค์ตีพิมพ์บทความลงในวารสารจดหมายเหตุทางแพทย์ 2017', '', '', 2, '', 1, '0000-00-00'),
(370, 'ศธ0514.7.1.2.3.4.1/4237', '', '2017-03-29', 'ผู้อำนวยการศูนย์วิจัยผู้ป่วยปากแหว่งฯ', 'ทพญ.อัจฉริยพร ร้านจันทร์ (ภาควิชาทันตกรรมจัดฟัน)', 'ตอบรับบทความเข้าระบบการตีพิมพ์ JMED11-2017', '', '', 2, '', 2, '2017-03-29'),
(371, 'ศธ0514.7.1.2.3.4.1/4238', '', '2017-03-29', 'รอง.ผอ.ฝ่ายวิจัย ศูนย์วิจัยฯ (รศ.ดร.เบญจมาศ พระธานี)', 'ศาสตราจารย์บวรศิลป์ เชาวน์ชื่น', 'ขอความอนุเคราะห์ตรวจสอบบทความเพื่อตีพิมพ์ในวารสารจดหมายเหตุทางแพทย์ฯ ฉบับพิเศษ 2017', '', '', 2, '', 2, '2017-03-29'),
(372, '1287', 'ศธ 0514.1.27/2540', '2017-03-24', 'รองหัวหน้าสำนักงานคณะกรรมการจริยธรรมการวิจัยในมนุษย์ มข.', 'ศ.พญ.อวยพร ปะนะมณฑา (นักวิจัย)', 'ผลการตรวจสอบเอกสาร จริยธรรมการวิจัยที่ไม่ใช่มนูาย์', '', '', 2, '', 1, '0000-00-00'),
(373, '1376', 'ศธ0514.7.3.13.1/77/60', '2017-03-29', 'แผนกการพยาบาลศัลยกรรมและออร์โธปิดิกส์', 'ผู้อำนวยการศูนย์วิจัยผู้ป่วยปากแหว่งเพดานโหว่ฯ', 'ขออนุมัติทุนสนับสนุนการวิจัย', 'นางสาวภาวิณี รูปพรม', '', 3, '', 1, '0000-00-00'),
(374, '1288', 'ศธ 0514.7.3.13.1/77/60', '2017-03-29', 'นางสุธีรา ประดับวงษ์ (กรรมการและเลขานุการ)', 'ผู้อำนวยการศูนย์วิจัยผู้ป่วยปากแหว่ง เพดานโหว่ฯ', 'ขออนุมัติทุนสนับสนุนการวิจัย เรื่อง การรักษาผู้ป่วยปากแหว่งเพดานโหว่ในช่วงอายุ 4-7 ปี ของศูนย์ตะวันฉาย : การเข้ารับการผ่าตัดตาม Protocol จำนวนเงิน 55,250 บาท', 'เสนอรองผู้อำนวยการศูนย์วิจัยฝ่ายวิจัย (รศ.ดร.เบญจมาศ พระธานี)', '', 2, '', 1, '0000-00-00'),
(375, '1289', 'ศธ 0514.7.2.14/627', '2017-03-29', 'แพทย์หญิงปัทมา ปัญญาวงศ์', 'ผู้อำนวยการศูนย์วิจัยผู้ป่วยปากแหว่ง เพดานโหว่ฯ', 'ขออนุมัติทุนสนับสนุนการวิจัย เรื่อง การรักษาผู้ป่วยปากแหว่งเพดานโหว่ในช่วงอายุ 4-7 ปี ของศูนย์ตะวันฉาย โรงพยาบาลศรีนครินทร์ : ปัจจัยที่มีผลต่อการเกิดรูรั่วเพดานปาก จำนวนเงิน 42,500 บาท', '', '', 2, '', 1, '0000-00-00'),
(376, 'ศธ0514.7.1.2.3.4.1/4239', '', '2017-03-30', 'รอง.ผอ.ฝ่ายวิจัย ศูนย์วิจัยฯ (รศ.ดร.เบญจมาศ พระธานี)', 'ศาสตราจารย์แพทย์หญิงอวยพร ปะนะมณฑา (ภาควิชากุมารเวชศาสตร์)', 'ตอบรับบทความเข้าระบบการตีพิมพ์', '', '', 2, '', 2, '2017-03-30'),
(377, 'ศธ0514.7.1.2.3.4.1/4240', '', '2017-03-30', 'รอง.ผอ.ฝ่ายวิจัย ศูนย์วิจัยฯ (รศ.ดร.เบญจมาศ พระธานี)', 'รศ.นพ.ถวัลย์วงค์ รัตนสิริ (ภาควิชาสูติศาสตร์และนรีเวชวิทยา)', 'ขอความอนุเคราะห์ตรวจสอบบทความเพื่อตีพิมพ์ในวารสารจดหมายเหตุทางแพทย์ฯ ฉบับพิเศษ 2017', '', '', 2, '', 2, '2017-03-30'),
(378, 'ศธ0514.7.1.2.3.4.1/4241', '', '2017-03-30', 'รอง.ผอ.ฝ่ายวิจัย ศูนย์วิจัยฯ (รศ.ดร.เบญจมาศ พระธานี)', 'รศ.พญ.ผกาพรรณ เกียรติชูสกุล (ภาควิชากุมารเวชศาสตร์)', 'ขอความอนุเคราะห์ตรวจสอบบทความเพื่อตีพิมพ์ในวารสารจดหมายเหตุทางแพทย์ฯ ฉบับพิเศษ 2017', '', '', 2, '', 2, '2017-03-30'),
(379, 'ศธ0514.7.1.2.3.4.1/4242', '', '2017-03-31', 'รอง.ผอ.ฝ่ายวิจัย ศูนย์วิจัยฯ (รศ.ดร.เบญจมาศ พระธานี)', 'รศ.นพ.สมศักดิ์ เทียมเก่า (ภาควิชาอายุรศาสตร์)', 'ขอความอนุเคราะห์ตรวจสอบบทความเพื่อตีพิมพ์ในวารสารจดหมายเหตุทางแพทย์ฯ ฉบับพิเศษ 2017', '', '', 2, '', 2, '2017-03-31'),
(380, '1290', 'ศธ 0514.13.1/2164', '2017-03-31', 'ทพญ.กีรติญา ไตรศรีศิลป์', 'ผู้อำนวยการศูนย์วิจัยผู้ป่วยปากแหว่ง เพดานโหว่ฯ', 'แจ้งความประสงค์ตีพิมพ์บทความลงในวารสารจดหมายเหตุทางแพทย์ 2017', '', '', 2, '', 1, '0000-00-00'),
(381, '2086', 'ศธ 0514.19.1.2/561', '2017-03-31', 'รองอธิการบดีฝ่ายบริหาร ปฏิบัติราชการแทน คณบดีคณะสถาปัตยกรรมศาสตร์', 'มูลนิธิตะวันฉาย เพื่อผู้ป่วยปากแหว่ง เพดานโหว่และพิการทางศีรษะและใบหน้า', 'ขอความอนุเคราะห์ขอใช้ชื่อมูลนิธิเพื่อนำไปรับบริจาค', '', '', 1, '', 1, '0000-00-00'),
(382, '1377', 'ศธ 0514.13.1/รพ.0131', '2017-03-31', 'รองคณบดีฝ่ายโรงพยาบาลทันตกรรม', 'ผู้อำนวยการศูนย์ตะวันฉายและประธานคณะกรรมการมูลนิธิตะวันฉายฯ', 'ขอส่งข้อมูลการให้บริการผู้ป่วยปากแหว่งเพดานโหว่ฯ คลินิกศัลยศาสตร์ช่องปากและกระดูกขากรรไกร', '', '', 3, '', 1, '0000-00-00'),
(383, '1378', 'ศธ 0514.7.2.21/ว.264', '2017-03-22', 'ผู้อำนวยการโรงพยาบาลศรีนครินทร์', 'ผู้อำนวยการศูนย์ตะวันฉาย', 'ขอเชิญส่งรายชื่อบุคลากรเข้ารับการอบรมเชิงปฏิบัติการ เรื่องการปฐมพยาบาลเบื้องต้นเมื่อเจ็บป่วยฉุกเฉิน :FIRST AID ในวันที่ 20 พ.ค. 2560 เวลา 08.00-16.30 น. ณ ห้องประชุมมิตรภาพ อาคารเรียรวม ชั้น 3', '', '', 3, '', 1, '0000-00-00'),
(384, '1379', 'ศธ 0514.7.3.11/ว.0602', '2017-03-27', 'ผู้ช่วยคณบดีฝ่ายกิจการพิเศษและการสื่อสารองค์กร', 'ผู้อำนวยการศูนย์ตะวันฉาย', 'ขอเชิญส่งบุคลากรร่วมประกวดเทพีสงกรานต์และร่วมงาน "แพทยศาสตร์สงกรานต์ สืบสานประเพณีไทย ร่วมใจอนุรักษ์พลังงานและสิ่งแวดล้อม" ประจำปี 2560', '', '', 3, '', 1, '0000-00-00'),
(385, '1380', 'ศธ 0514.7.3.19/ว.143', '2017-04-04', 'รองผู้อำนวยการโรงพยาบาลฝ่ายพัฒนาคุณภาพโรงพยาบาล', 'ผู้อำนวยการศูนย์ตะวันฉาย', 'ขอความอนุเคราะห์กำหนดวัน-เวลา ให้เข้าพื้นที่สำหรับถ่ายวีดีโอจัดทำสื่อประชาสัมพันธ์', '', '', 3, '', 1, '0000-00-00'),
(386, '1381', 'ศธ 0514.7.3.19/ว.144', '2017-04-04', 'รองผู้อำนวยการโรงพยาบาลฝ่ายพัฒนาคุณภาพโรงพยาบาล', 'ผู้อำนวยการศูนย์ตะวันฉาย', 'ขอความอนุเคราะห์แจ้งความจำนงออกบูทประชาสัมพันธ์ และกิจกรรมบนเวที เพื่อร่วมเสวนาแลกเปลี่ยนเรียนรู้', '', '', 3, '', 1, '0000-00-00'),
(387, '1382', 'ศธ0514.7.3.19/ว.143', '2017-04-04', 'งานสนับสนุนบริการสู่ความเป็นเลิศ', 'นางสุูธีรา ประดับวงษ์', 'ขอความอนุเคราะห์กำหนดวัน-เวลา ให้เข้าพื้นที่สำหรับถ่ายทำสื่อประชาสัมพันธ์', 'นางสาวภาวิณี รูปพรม', '', 3, '', 1, '0000-00-00'),
(388, '1383', 'ศธ0514.7.3.19/ว.144', '2016-04-04', 'งานสนับสนุนบริการสู่ความเป็นเลิศ', 'นางสุธีรา ประดับวงษ์', 'ขอความอนุเคราะห์แจ้งความจำนงออกบูธประชาสัมพันธ์ และกิจกรรมบนเวที เพื่อร่วมเสวนาแลกเปลี่ยนเรียนรู้', 'นางสาวภาวิณี รูปพรม', '', 3, '', 1, '0000-00-00'),
(389, 'ศธ0514.7.1.2.3.4.1/4243', '', '2017-04-05', 'รอง.ผอ.ฝ่ายวิจัย ศูนย์วิจัยฯ (รศ.ดร.เบญจมาศ พระธานี)', 'ผศ.ทพ.พูนศักดิ์ ภิเศก (ภาควิชาทันตกรรมจัดฟัน คณะทันตแพทยศาสตร์)', 'ตอบรับบทความเข้าระบบการตีพิมพ์ JMED8-2017', '', '', 2, '', 2, '2017-04-05'),
(390, 'ศธ0514.7.1.2.3.4.1/4244', '', '2017-04-05', 'รอง.ผอ.ฝ่ายวิจัย ศูนย์วิจัยฯ (รศ.ดร.เบญจมาศ พระธานี)', 'ทพญ.กีรติญา ไตรศรีศิลป์ (ภาควิชาทันตกรรมจัดฟัน คณะทันตแพทยศาสตร์)', 'ตอบรับบทความเข้าระบบการตีพิมพ์ JMED12-2017', '', '', 2, '', 2, '2017-04-05'),
(391, 'ศธ0514.7.1.2.3.4.1/4245', '', '2017-04-05', 'รอง.ผอ.ฝ่ายวิจัย ศูนย์วิจัยฯ (รศ.ดร.เบญจมาศ พระธานี)', 'ศาสตราจารย์บวรศิลป์ เชาวน์ชื่น', 'ขอความอนุเคราะห์ตรวจสอบบทความเพื่อตีพิมพ์ในวารสารจดหมายเหตุทางแพทย์ฯ ฉบับพิเศษ 2017', '', '', 2, '', 2, '2017-04-05'),
(392, 'ศธ0514.7.1.2.3.4.1/4246', '', '2017-04-05', 'รอง.ผอ.ฝ่ายวิจัย ศูนย์วิจัยฯ (รศ.ดร.เบญจมาศ พระธานี)', 'รศ.สมศักดิ์ เทียมเก่า', 'ขอความอนุเคราะห์ตรวจสอบบทความเพื่อตีพิมพ์ในวารสารจดหมายเหตุทางแพทย์ฯ ฉบับพิเศษ 2017', '', '', 2, '', 2, '2017-04-05'),
(393, 'ศธ0514.7.1.2.3.4.1/4247', '', '2017-04-05', 'รอง.ผอ.ฝ่ายวิจัย ศูนย์วิจัยฯ (รศ.ดร.เบญจมาศ พระธานี)', 'รศ.สมศักดิ์ เทียมเก่า', 'ขอความอนุเคราะห์ตรวจสอบบทความเพื่อตีพิมพ์ในวารสารจดหมายเหตุทางแพทย์ฯ ฉบับพิเศษ 2017', '', '', 2, '', 2, '2017-04-05'),
(394, 'ศธ0514.7.1.2.3.4.1/4248', '', '2017-04-05', 'รอง.ผอ.ฝ่ายวิจัย ศูนย์วิจัยฯ (รศ.ดร.เบญจมาศ พระธานี)', 'ศาสตราจารย์บวรศิลป์ เชาวน์ชื่น', 'ขอความอนุเคราะห์ตรวจสอบบทความเพื่อตีพิมพ์ในวารสารจดหมายเหตุทางแพทย์ฯ ฉบับพิเศษ 2017', '', '', 2, '', 2, '2017-04-05'),
(395, '1291', 'ศธ0514.7.1.2.3.4.1/4245', '2017-04-05', 'รศ.ดร.เบญจมาศ พระธานี', 'ศาสตราจารย์ นพ.บวรศิลป์ เชาวน์ชื่น', 'ขอความอนุเคราะห์ตรวจสอบบทความเพื่อตีพิมพ์ในวารสารจดหมายเหตุทางแพทย์ฯ ฉบับพิเศษ', '', '', 2, '', 1, '0000-00-00'),
(396, '1292', 'ศธ 0514.7.1.2.3.4.1/4248', '2017-04-05', 'รศ.ดร.เบญจมาศ พระธานี', 'ศาสตราจารย์ นพ.บวรศิลป์ เชาวน์ชื่น', 'ขอความอนุเคราะห์ตรวจสอบบทความเพื่อตีพิมพ์ในวารสารจดหมายเหตุทางแพทย์ฯ ฉบับพิเศษ', '', '', 2, '', 1, '0000-00-00'),
(397, 'ตวฉ/2114', '', '0000-00-00', 'กรรมการและเลขานุการฯ', 'ประธานมูลนิธิตะวันฉายฯ', 'ขออนุมัติเบิกจ่ายเงินสำหรับผู้ประสงค์รับใบเสร็จลดหย่อนภาษี', '', '', 1, '', 2, '0000-00-00'),
(398, 'ตวฉ/2115', '', '0000-00-00', 'กรรมการและเลขานุการ', 'ประธานมูลนิธิตะวันฉายฯ', 'ขออนุมัติและเบิกจ่ายเงินโครงการเฉลิมพระเกียรติสมเด็จพระเทพฯ', '', '', 1, '', 2, '0000-00-00'),
(399, 'ตวฉ/2116', '', '0000-00-00', 'กรรมการและเลขานุการ', 'ประธานมูลนิธิตะวันฉายฯ', 'ขออนุมัติและเบิกจ่ายค่าเดินทางโครงการ ยิ้มสวยเสียงใส', '', '', 1, '', 2, '0000-00-00'),
(400, '1384', 'ศธ0514.7.1.3.19/-', '2017-04-05', 'งานสนับสนุนบริการสู่ความเป็นเลิศ', 'หัวหน้าศูนย์ตะวันฉาย', 'ขอส่งป้ายหมายเลขครุภัณฑ์ ป้ายคอมโพสิทศูนย์ตะวันฉาย', 'นางสาวภาวิณี รูปพรม', '', 3, '', 1, '0000-00-00'),
(401, '1293', 'ศธ 0514.7.2.2/265', '2017-04-07', 'ศาสตราจารย์มนัส ปะนะมณฑา (ภาควิชากุมารเวชศาสตร์)', 'ผู้อำนวยการศูนย์วิจัยผู้ป่วยปากแหว่ง เพดานโหว่ฯ', 'แจ้งความประสงค์ตีพิมพ์บทความลงในวารสารจดหมายเหตุทางแพทย์ 2017', '', '', 2, '', 1, '0000-00-00'),
(402, '1294', '-', '2017-02-15', 'ผศ.พูนศํกดิ์ ภิเศก', 'บรรณาธิการวารสารจดหมายเหตุทางแพทย์', 'ชี้แจงการขอจริยธรรมในมนุษย์ของบทความวิจัยที่ส่งตีพิมพ์', '', '', 2, '', 1, '0000-00-00'),
(403, 'ศธ0514.7.1.2.3.4.1/4249', '', '2017-04-10', 'ผู้อำนวยการศูนย์วิจัยผู้ป่วยปากแหว่งฯ', 'ทพญ.กีรติญา ไตรศรีศิลป์ (ภาควิชาทันตกรรมจัดฟัน คณะทันตแพทยศาสตร์)', 'รับรองการตีพิมพ์บทความ ปี 2017', '', '', 2, '', 2, '2017-04-10'),
(404, '1295', 'ศธ 0514.13.1/42', '2017-04-10', 'รศ.ทพญ.มณเฑียร มโนสุดประสิทธิ์', 'ผู้อำนวยการศูนย์วิจัยผู้ป่วยปากแหว่ง เพดานโหว่ฯ', 'แจ้งความประสงค์ตีพิมพ์บทความลงในวารสารจดหมายเหตุทางแพทย์ 2017', '', '', 2, '', 1, '0000-00-00'),
(405, 'ตวฉ/2117', '', '2017-04-10', 'ประธานกรรมการมูลนิธิตะวันฉาย', 'คณบดีคณะเกษตรศาสตร์ มหาวิทยาลัยขอนแก่น', 'ขอสถานที่เพื่อปลูกต้นกัลปพฤกษ์ เฉลิมพระเกียรติสมเด็จพระเทพรัตนราชสุดาฯ สยามบรมราชกุมารี ในโครงการ"ปลูกต้นกัลปพฤกษ์ เพื่อเฉลิมพระเกียรติ', '', '', 1, '', 2, '0000-00-00'),
(406, 'ตวฉ/2118', '', '2017-04-11', 'ประธานกรรมการมูลนิธิตะวันฉาย', 'คณบดีคณะทันตแพทยศาสตร์ มหาวิทยาลัยขอนแก่น', 'ขออนุมัติใช้รถยนต์คณะทันตแพทยศาสตร์ วันที่ 21 เมษายน 2560', '', '', 1, '', 2, '0000-00-00'),
(407, 'ตวฉ/2119', '', '2017-04-11', 'ประธานกรรมการมูลนิธิตะวันฉาย', 'คณะกรรมการมูลนิธิตะวันฉาย', 'เชิญเข้าร่วมกิจกรรมปลูกต้นกัลปพฤกษ์ ในโอกาสวันคล้ายพระราชสมถพ เพื่อเฉลิมพระเกียรติสมเด็จพระเทพฯและเรียนเชิญเข้าร่วมประชุมสามัญประจำปี 2560 วันที่ 21 เมษายน 2560', '', '', 1, '', 2, '0000-00-00'),
(408, 'ศธ0514.7.1.2.3.4.1/4250', '', '2017-04-11', 'ผู้อำนวยการศูนย์วิจัยผู้ป่วยปากแหว่งฯ', 'หัวหน้าภาควิชาจิตเวชศาสตร์', 'ขอเรียนเชิญบุคลากรเข้าร่วมโครงการประชุมวิชาการเชิงปฏิบัติการ ในวันศุกร์ที่ 21 เมษายน 2560 เวลา 10.30-11.30 น. ณ ห้องประชุมศูนย์ตะวันฉาย', '', '', 2, '', 2, '2017-04-11'),
(409, 'ศธ0514.7.1.2.3.4.1/4251', '', '2017-04-11', 'ผู้อำนวยการศูนย์วิจัยผู้ป่วยปากแหว่งฯ', 'หัวหน้าภาควิชาจักษุวิทยา คณะแพทยศาสตร์', 'ขอเรียนบุคลากรเข้าร่วมโครงการประชุมวิชาการเชิงปฏิบัติการ เรื่องการจัดทำ Protocol การดูแลรักษากลุ่มโรคยากซับซ้อนแบบ (FEEM) ในวันศุกร์ที่ 21 เมษายน 2560 เวลา 10.30-11.30 น. ณ ห้องประชุมศูนย์ตะวันฉาย', '', '', 2, '', 2, '2017-04-11'),
(410, 'ศธ0514.7.1.2.3.4.1/4252', '', '2017-04-11', 'ผู้อำนวยการศูนย์วิจัยผู้ป่วยปากแหว่งฯ', 'หัวหน้าภาควิชาศัลยศาสตร์ช่องปากและกระดูกขากรรไกร คณะทันตแพทยศาสตร์', 'ขอเรียนเชิญบุคลากรเข้าร่วมโครงการประชุมวิชาการเชิงปฏิบัติการ ในวันศุกร์ที่ 21 เมษายน 2560 เวลา 10.30-11.30 น. ณ ห้องประชุมศูนย์ตะวันฉาย', '', '', 2, '', 2, '2017-04-11'),
(411, 'ศธ0514.7.1.2.3.4.1/4253', '', '2017-04-11', 'ผู้อำนวยการศูนย์วิจัยผู้ป่วยปากแหว่งฯ', 'หัวหน้าภาควิชารังสีวิทยา', 'ขอเรียนเชิญบุคลากรเข้าร่วมโครงการประชุมวิชาการเชิงปฏิบัติการ ในวันศุกร์ที่ 21 เมษายน 2560 เวลา 10.30-11.30 น. ณ ห้องประชุมศูนย์ตะวันฉาย', '', '', 2, '', 2, '2017-04-11'),
(412, 'ศธ0514.7.1.2.3.4.1/4254', '', '2017-04-11', 'ผู้อำนวยการศูนย์วิจัยผู้ป่วยปากแหว่งฯ', 'หัวหน้าภาควิชาศัลยศาสตร์', 'ขอเรียนเชิญบุคลากรเข้าร่วมโครงการประชุมวิชาการเชิงปฏิบัติการ ในวันศุกร์ที่ 21 เมษายน 2560 เวลา 10.30-11.30 น. ณ ห้องประชุมศูนย์ตะวันฉาย', '', '', 2, '', 2, '2017-04-11'),
(413, 'ศธ0514.7.1.2.3.4.1/4255', '', '2017-04-11', 'ผู้อำนวยการศูนย์วิจัยผู้ป่วยปากแหว่งฯ', 'ทพญ.กีรติญา ไตรศรีศิลป์ (ภาควิชาทันตกรรมจัดฟัน คณะทันตแพทยศาสตร์)', 'รับรองการตีพิมพ์บทความ ปี 2017', '', '', 2, '', 2, '2017-04-11'),
(414, 'ศธ0514.7.1.2.3.4.1/4256', '', '2017-04-11', 'ศ.นพ.บวรศิลป์ เชาวน์ชื่น', 'หัวหน้าภาควิชาโสต ศอนาสิกวิทยา', 'ขอเรียนเชิญบุคลากรเข้าร่วมโครงการประชุมวิชาการฯ', '', 'สำเนาเรียน รศ.ดร.เบญจมาศ พระธานี  และรศ.นพ.สงวนศักดิ์ ธนาวิรัตนานิจ', 2, 'หนังสือเชิญประชุม protocal.jpg', 2, '2017-04-11'),
(415, '1385', 'ศธ 0514.7.3.1/ว.156', '2017-04-11', 'รองผู้อำนวยการโรงพยาบาลฝ่ายพัฒนาคุณภาพโรงพยาบาล', 'หัวหน้าศูนย์ความเป็นเลิศตะวันฉาย โรงพยาบาลศรีนครินทร์ (ศ.บวรศิลป์ เชาวน์ชื่น)', 'ขอเชิญสมัครเพื่อรับรองมาตรฐานการรับรองเฉพาะโรค', '', '', 3, '', 1, '0000-00-00'),
(416, 'ศธ0514.7.1.2.3.4/1378', '', '2017-04-12', 'ผู้อำนวยการศูนย์ตะวันฉาย และประธานกรรมการมูลนิธิตะวันฉายฯ', 'ผู้อำนวยการศูนย์การเรียนรู้การพัฒนาสตรีและครอบครัว', 'ขอความอนุเคราะห์บุคลากรในสังกัดร่วมเป็นวิทยากร โครงการ อบจ.ปี 2560 วันเสาร์ที่ 6 พ.ค. 2560 เวลา 09.00-14.00 น. ณ ชุดาปาร์ค รีสอร์ท', '', '', 3, '', 2, '2017-04-12'),
(417, 'ศธ0514.7.1.2.3.4/1379', '', '2017-04-12', 'ผู้อำนวยการศูนย์ตะวันฉาย และประธานกรรมการมูลนิธิตะวันฉายฯ', 'ผู้อำนวยการศูนย์ฝึกและอบรมเด็กและเยาวชน เขต 4 จังหวัดขอนแก่น', 'ขออนุมัติบุคลากรในสังกัดเข้าร่วมประชุมเชิงปฏิบัติการฯ ครั้งที่ 5 ประจำปี 2560 ระหว่างวันที่ 5–6 พฤษภาคม 2560 ณ ชุดาปาร์ค รีสอร์ท แอนด์ โฮเต็ล อำเภอเมืองขอนแก่น จังหวัดขอนแก่น', '', '', 3, '', 2, '2017-04-12'),
(418, 'ศธ0514.7.1.2.3.4/1380', '', '2017-04-12', 'ผู้อำนวยการศูนย์ตะวันฉาย', 'Dr.Htwe Htwe Hlaing', 'เชิญศัลยแพทย์จากพม่า ร่วมฝึกอบรม ณ ศูนย์ตะวันฉาย ระหว่างวันที่ 1-30 มิ.ย. 60', '', '', 3, '', 2, '2017-04-12'),
(419, '1386', 'ศธ0514.7.1.1.2/ว.413', '2017-04-03', 'หน่วยการเจ้าหน้าที่ คณะแพทยศาสตร์', 'หัวหน้างานบริการพยาบาล', 'การรายงานภาระงานของผู้ที่่ดำรงตำแหน่งระดับชำนาญงานพิเศษ,ระดับชำนาญงานพิเศษ เพิ่มเติม', 'นางสาวภาวิณี รูปพรม', '', 3, '', 1, '0000-00-00'),
(420, 'ศธ0514.7.1.2.3.4.1/4257', '', '2017-04-18', 'รอง.ผอ.ฝ่ายวิจัย ศูนย์วิจัยฯ (รศ.ดร.เบญจมาศ พระธานี)', 'ศ.นพ.มนัส ปะนะมณฑา (ภาควิชากุมารเวชศาสตร์)', 'ตอบรับบทความเข้าระบบการตีพิมพ์ JMED13-2017', '', '', 2, '', 2, '2017-04-18'),
(421, 'ศธ0514.7.1.2.3.4.1/4258', '', '2017-04-18', 'รอง.ผอ.ฝ่ายวิจัย ศูนย์วิจัยฯ (รศ.ดร.เบญจมาศ พระธานี)', 'ศ.พญ.อรุณี เจตศรีสุภาพ (ภาควิชากุมารเวชศาสตร์)', 'ขอความอนุเคราะห์ตรวจสอบบทความเพื่อตีพิมพ์ในวารสารจดหมายเหตุทางแพทย์ฯ ฉบับพิเศษ 2017', '', '', 2, '', 2, '2017-04-18'),
(422, 'ศธ0514.7.1.2.3.4.1/4259', '', '2017-04-18', 'รอง.ผอ.ฝ่ายวิจัย ศูนย์วิจัยฯ (รศ.ดร.เบญจมาศ พระธานี)', 'รศ.พญ.ผกาพรรณ เกียรติชูสกุล (ภาควิชากุมารเวชศาสตร์)', 'ขอความอนุเคราะห์ตรวจสอบบทความเพื่อตีพิมพ์ในวารสารจดหมายเหตุทางแพทย์ฯ ฉบับพิเศษ 2017', '', '', 2, '', 2, '2017-04-18'),
(423, 'ศธ0514.7.1.2.3.4.1/4260', '', '2017-04-18', 'รอง.ผอ.ฝ่ายวิจัย ศูนย์วิจัยฯ (รศ.ดร.เบญจมาศ พระธานี)', 'อ.นพ.ฐิติ จันทร์เมฆา (ภาควิชาศัลยศาสตร์)', 'ตอบรับบทความเข้าระบบการตีพิมพ์ JMED10-2017', '', '', 2, '', 2, '2017-04-18'),
(424, 'ศธ0514.7.1.2.3.4.1/4261', '', '2017-04-18', 'รอง.ผอ.ฝ่ายวิจัย ศูนย์วิจัยฯ (รศ.ดร.เบญจมาศ พระธานี)', 'รศ.สมศักดิ์ เทียมเก่า', 'ขอความอนุเคราะห์ตรวจสอบบทความเพื่อตีพิมพ์ในวารสารจดหมายเหตุทางแพทย์ฯ ฉบับพิเศษ 2017', '', '', 2, '', 2, '2017-04-18'),
(425, 'ศธ0514.7.1.2.3.4.1/4262', '', '2017-04-18', 'รอง.ผอ.ฝ่ายวิจัย ศูนย์วิจัยฯ (รศ.ดร.เบญจมาศ พระธานี)', 'ศ.นพ.บวรศิลป์ เชาวน์ชื่น (ภาควิชาศัลยศาสตร์)', 'ขอความอนุเคราะห์ตรวจสอบบทความเพื่อตีพิมพ์ในวารสารจดหมายเหตุทางแพทย์ฯ ฉบับพิเศษ 2017', '', '', 2, '', 2, '2017-04-18'),
(426, '1296', 'สธ 0203.082/595', '2017-04-18', 'นายเทพไทย โชติชัย', 'บรรณาธิการวารสารจดหมายเหตุทางแพทย์', 'ชี้แจงกรณีบทความวิจัยไม่มีแพทย์เป็น Corresponding', '', '', 2, '', 1, '0000-00-00'),
(427, '1297', 'ศธ 0514.7.1.2.3.4.1/4262', '2017-04-18', 'รองผู้อำนวยการฝ่ายวิจัย (รศ.ดร.เบญจมาศ พระธานี)', 'ศาสตราจารย์ นพ.บวรศิลป์ เชาวน์ชื่น (ภาควิชาศัลยศาสตร์)', 'ขอความอนุเคราะห์ตรวจสอบบทความเพื่อตีพิมพ์ในวารสารจดหมายเหตุทางแพทย์ฯ ฉบับพิเศษ ปี 2017', '', '', 2, '', 1, '0000-00-00');
INSERT INTO `tb_main1` (`id_main1`, `registration`, `at`, `date`, `from`, `to`, `subject`, `practice`, `note`, `type_record`, `filename`, `type_document`, `date_record`) VALUES
(428, '1298', 'ศธ 0514.7.2.14/679', '2017-04-07', 'อ.นพ.ธราธิป ศรีสุข (ภาควิชาศัลยศาสตร์)', 'ผู้อำนวยการศูนย์วิจัยผู้ป่วยปากแหว่ง เพดานโหว่ฯ', 'แจ้งความประสงค์ตีพิมพ์บทความลงในวารสารจดหมายเหตุทางแพทย์ 2017', '', '', 2, '', 1, '0000-00-00'),
(429, '1299', 'ศธ 0514.1.61.3/ว.696', '2017-04-11', 'รักษาการแทนผู้อำนวยการกองบริหารงานวิจัย', 'ผู้อำนวยการศูนย์วิจัยผู้ป่วยปากแหว่ง เพดานโหว่ฯ', 'ขอความอนุเคราะห์ประชาสัมพันธ์การเข้าร่วมประชุมและส่งบทความเข้าร่วมนำเสนอในการประชุมวิชาการนักวิจัยใหม่ มหาวิทยาลัยขอนแก่น ปีงบประมาณ 2560', '', '', 2, '', 1, '0000-00-00'),
(430, '1300', '-', '2017-04-18', 'รศ.ทพ.มณเฑียร มโนสุดประสิทธิ์ (ภาควิชาทันตกรรมจัดฟัน)', 'ผู้อำนวยการศูนย์วิจัยผู้ป่วยปากแหว่ง เพดานโหว่ฯ', 'แจ้งความประสงค์ตีพิมพ์บทความลงในวารสารจดหมายเหตุทางแพทย์ 2017', '', '', 2, '', 1, '0000-00-00'),
(431, 'ศธ0514.7.1.2.3.4/1381', '', '2017-04-19', 'ผู้อำนวยการศูนย์ตะวันฉาย', 'หัวหน้าภาควิชาศัลยศาสตร์', 'ขออนุมัติบุคลากรในสังกัดเข้าร่วมโครงการประชุมเชิงปฏิบัติการ', 'นางสาวภาวิณี รูปพรม', '', 3, '', 2, '2017-04-19'),
(432, 'ศธ0514.7.1.2.3.4/1382', '', '2017-04-19', 'ผู้อำนวยการศูนย์ตะวันฉาย', 'หัวหน้าภาควิชาโสต ศอนาสิก วิทยา', 'ขออนุมัติบุคลากรในสังกัดเข้าร่วมโครงการประชุมเชิงปฎิบัติการ', 'นางสาวภาวิณี รูปพรม', '', 3, '', 2, '2017-04-19'),
(433, 'ศธ0514.7.1.2.3.4/1383', '', '2017-04-19', 'ผู้อำนวยการศูนย์ตะวันฉาย', 'หัวหน้างานบริการพยาบาล', 'ขออนุมัติบุคลากรในสังกัดเข้าร่วมโครงการประชุมเชิงปฏิบัติการ', 'นางสาวภาวิณี รูปพรม', '', 3, '', 2, '2017-04-19'),
(434, 'ศธ0514.7.1.2.3.4/1384', '', '2017-04-19', 'ผู้อำนวยการศูนย์ตะวันฉาย และประธานกรรมการมูลนิธิตะวันฉายฯ', 'นายกองค์การบริหารส่วนจังหวัดขอนแก่น', 'ขอเรียนเชิญให้เกียรติกล่าวเปิดงานและมอบทุนสนับสนุนการจัดโครงการประชุมเชิงปฏิบัติการฯ ครั้งที่ 5 ในวันศุกร์ที่ 5 พฤษภาคม 2560 เวลา 08.00-08.30 น. ณ อาคารสมเด็จพระศรีนครินทราบรมราชชนนี อนุสรณ์ (สว.1) โรงพยาบาลศรีนครินทร์', '', '', 3, '', 2, '2017-04-19'),
(435, 'ศธ0514.7.1.2.3.4.1/4263', '', '2017-04-19', 'ศ.นพ.บวรศิลป์ เชาวน์ชื่น', 'หัวหน้าภาควิชากุมารเวชศาสตร์', 'ขอเรียนเชิญบุคลากรเข้าร่วมโครงการประชุมวิชาการฯ', '', '', 2, '', 2, '2017-04-19'),
(436, '1387', 'สภ.พ.01/ว.021', '2017-04-04', 'สภาการพยาบาล', 'หัวหน้างานบริการพยาบาล โรงพยาบาลศรีนครินทร์', 'ขอเชิญส่งผลงานวิจัยทางการพยาบาล', 'นางสาวภาวิณี รูปพรม', '', 3, '', 1, '0000-00-00'),
(437, 'ศธ0514.7.1.2.3.4/1385', '', '2017-04-19', 'ผู้อำนวยการศูนย์ตะวันฉาย', 'คณบดี คณะศิลปกรรมศาสตร์ มหาวิทยาลัยขอนแก่น', 'ขออนุม้ติบุคลากรในสังกัดเข้าร่วมโครงการประชุมเชิงปฏิบัติการ', 'นางสาวภาวิณี รูปพรม', '', 3, '', 2, '2017-04-19'),
(438, 'ศธ0514.7.1.2.3.4/1386', '', '2017-04-19', 'ผู้อำนวยการศูนย์ตะวันฉาย', 'หัวหน้าภาควิชาจิตเวชศาสตร์', 'ขออนุมัติบุคลากรในสังกัดเข้าร่วมโครงการประชุมเชิงปฏิบัติการ', 'นางสาวภาวิณี รูปพรม', '', 3, '', 2, '2017-04-19'),
(439, '1301', '-', '2017-04-11', 'รศ.ทพ.มณเฑียร มโนสุดประสิทธิ์ (ภาควิชาทันตกรรมจัดฟัน)', 'ผู้อำนวยการศูนย์วิจัยผู้ป่วยปากแหว่ง เพดานโหว่ฯ', 'แจ้งความประสงค์ตีพิมพ์บทความลงในวารสารจดหมายเหตุทางแพทย์ 2017', '', '', 2, '', 1, '0000-00-00'),
(440, 'ศธ0514.7.1.2.3.4/1387', '', '2017-04-20', 'ผู้อำนวยการศูนย์ตะวันฉาย', 'หัวหน้าหน่วยรักษาความปลอดภัย', 'ขอความอนุเคราะห์ขอที่จอดรถ วันที่ 21 เม.ย. 60', 'นางสาวภาวิณี รูปพรม', '', 3, '', 2, '2017-04-20'),
(441, 'ศธ0514.7.1.2.3.4/1388', '', '2017-04-20', 'ผู้อำนวยการศูนย์ตะวันฉายและประธานกรรมการโครงการจัดการประชุมฯ', 'ผู้อำนวยการโรงพยาบาลส่งเสริมสุขภาพประจำตำบล', 'ขอเรียนเชิญเข้าร่วมโครงการ่ประชุมเชิงปฏิบัติการฯ ครั้งที่ 5', 'นางสาวภาวิณี รูปพรม', '', 3, '', 2, '2017-04-20'),
(442, 'ตวฉ/2120', '', '2017-04-20', 'ประธานกรรมการมูลนิธิตะวันฉาย', 'คณบดี คณะแพทยศาสตร์ มหาวิทยาลัยขอนแก่น', 'เรียนเชิญเข้าร่วมกิจกรรมปลูกต้นกัลปพฤกษ์ เนื่องในวันคล้ายวันพระราชสมภพ เพื่อเฉลิมพระเกียรติสมเด็จพระเทพรัตนราชสุดาฯ สยามบรมราชกุมารี', 'นางสาวภาวิณี รูปพรม', '', 1, '', 2, '0000-00-00'),
(443, 'ตวฉ/2121', '', '2017-04-20', 'ประธานกรรมการมูลนิธิตะวันฉาย', 'คณบดีคณะทันตแพทยศาสตร์ มหาวิทยาลัยขอนแก่น', 'เรียนเชิญเข้าร่วมกิจกรรมปลูกต้นกัลปพฤกษ์ เนื่องในวันคล้ายวันพระราชสมภพ เพื่อเฉลิมพระเกียรติสมเด็จพระเทพรัตนราชสุดาฯ สยามบรมราชกุมารี', 'นางสาวภาวิณี รูปพรม', '', 1, '', 2, '0000-00-00'),
(444, 'ตวฉ/2122', '', '2017-04-20', 'ประธานกรรมการมูลนิธิตะวันฉาย', 'คณบดีคณะเกษตรศาสตร์ มหาวิทยาลัยขอนแก่น', 'เรียนเชิญเข้าร่วมกิจกรรมปลูกต้นกัลปพฤกษ์ เนื่องในวันคล้ายวันพระราชสมภพ เพื่อเฉลิมพระเกียรติ สมเด็จพระเทพรัตนราชสุดาฯ สยามบรมราชกุมารี', 'นางสาวภาวิณี รูปพรม', '', 1, '', 2, '0000-00-00'),
(445, 'ตวฉ/2123', '', '2017-04-20', 'ประธานกรรมการมูลนิธิตะวันฉาย', 'ผู้อำนวยการกองสื่อสารองค์กร', 'ขอความอนุเคราะห์เรียนเชิญสื่อมวลชน ถ่ายภาพและทำข่าวประชาสัมพันธ์', 'นางสาวภาวิณี รูปพรม', '', 1, '', 2, '0000-00-00'),
(446, '1302', 'ศธ 0514.7.3.13.1/92/60', '2017-04-19', 'นางสุธีรา ประดับวงษ์ (กรรมการและเลขานุการ)', 'ผู้อำนวยการศูนย์วิจัยผู้ป่วยปากแหว่ง เพดานโหว่ฯ', 'ขออนุมัติทุนสนับสนุนการวิจัย เรื่อง การรักษาผู้ป่วยปากแหว่งเพดานโหว่ในช่วงอายุ 4-7 ปี ของศูนย์ตะวันฉาย จำนวนเงิน 55,200 บาท', '', '', 2, '', 1, '0000-00-00'),
(447, 'ศธ0514.7.1.2.3.4.1/4264', '', '2017-04-20', 'นางสุธีรา ประดับวงษ์ (กรรมการและผู้ช่วยเลขานุการคนที่ 1)และพญ.ปัทมา ปัญญาวงศ์ (กรรมการและเลขานุการ)', 'ผู้อำนวยการศูนย์ตะวันฉาย', 'ขอรับการพิจารณาประเด็นจากการจัดโครงการอบรมสัมมนาเชิงปฏิบัติการเพื่อพัฒนาองค์กรของ ศูนย์ตะวันฉาย ประจำปี 2560', '', '', 2, '', 2, '2017-04-20'),
(448, 'ศธ0514.7.1.2.3.4.1/4265', '', '2017-04-20', 'ผู้อำนวยการศูนย์วิจัยฯ', 'ผู้อำนวยการธนาคารกรุงเทพ สาขามหาวิทยาลัยขอนแก่น', 'ขอเปิดบัญชีเงินฝากสะสมทรัพย์', '', '', 2, '', 2, '2017-04-20'),
(449, '1303', 'ศธ 0514.7.3.3/205/2560', '2017-04-20', 'นางอรทัย เล็กบุญญาสิน', 'ผู้อำนวยการศูนย์วิจัยผู้ป่วยปากแหว่ง เพดานโหว่ฯ', 'ขออนุมัติทุนสนับสนุนการวิจัย เรื่อง การรักษาผู้ป่วยปากแหว่งเพดานโหว่ในช่วงอายุ 4-7 ปี ของศูนย์ตะวันฉาย  โรงพยาบาลศรีนครินทร์ จำนวนเงิน 31,000 บาท', '', '', 2, '', 1, '0000-00-00'),
(450, '1304', 'ศธ 0514.1.27/3172', '2017-04-19', 'ศาสตราจารย์มนัส ปะนะมณฑา (ภาควิชากุมารเวชศาสตร์)', 'ผู้อำนวยการศูนย์วิจัยผู้ป่วยปากแหว่ง เพดานโหว่ฯ', 'ผลการตรวจสอบเอกสาร เป็นงาน Review paper ไม่ต้องขอจริยธรรมการวิจัยในมนุษย์', '', '', 2, '', 1, '0000-00-00'),
(451, '1388', 'ศธ0514.7.3.19 /ว.160', '2017-04-20', 'งานสนับสนุนบริการสู่ความเป็นเลิศ', 'ศ.บวรศิลป์ เชาวน์ชื่น', 'ขอเชิญเข้าร่วมประชุมเพื่อเตรียมความพร้อมการเยี่ยมสำรวจเพื่อรับรองคุณภาพโรงพยาบาล (Re-acreditation)', 'นางสาวภาวิณี รูปพรม', '', 3, '', 1, '0000-00-00'),
(452, 'ศธ0514.7.1.2.3.4.1/4266', '', '2017-04-21', 'รอง.ผอ.ฝ่ายวิจัย ศูนย์วิจัยฯ (รศ.ดร.เบญจมาศ พระธานี)', 'รศ.ทพ.มนเทียร มโนสุดประสิทธิ์ (ภาควิชาทันตกรรมจัดฟัน)', 'ตอบรับบทความเข้าระบบการตีพิมพ์ JMED14-2017', '', '', 2, '', 2, '2017-04-21'),
(453, '1389', 'ศธ0514.7.3.19/ว.160', '2017-04-20', 'งานสนับสนุนบริการสู่ความเป็นเลิศ', 'นางสุธีรา ประดับวงษ์', 'ขอเชิญเข้าร่วมประชุมเพื่อเตรียมความพร้อมการเยี่ยมสำรวจเพื่อรับรองคุณภาพโรงพยาบาล (Re-acreditation)', 'นางสาวภาวิณี รูปพรม', '', 3, '', 1, '0000-00-00'),
(454, 'ศธ0514.7.1.2.3.4.1/4267', '', '2017-04-21', 'รอง.ผอ.ฝ่ายวิจัย ศูนย์วิจัยฯ (รศ.ดร.เบญจมาศ พระธานี)', 'ศ.นพ.บวรศิลป์ เชาวน์ชื่น (ภาควิชาศัลยศาสตร์)', 'ขอความอนุเคราะห์ตรวจสอบบทความเพื่อตีพิมพ์ในวารสารจดหมายเหตุทางแพทย์ฯ ฉบับพิเศษ 2017', '', '', 2, '', 2, '2017-04-21'),
(455, 'ศธ0514.7.1.2.3.4.1/4268', '', '2017-04-21', 'รอง.ผอ.ฝ่ายวิจัย ศูนย์วิจัยฯ (รศ.ดร.เบญจมาศ พระธานี)', 'รศ.นพ.สมศักดิ์ เทียมเก่า (ภาควิชาอายุรศาสตร์)', 'ขอความอนุเคราะห์ตรวจสอบบทความเพื่อตีพิมพ์ในวารสารจดหมายเหตุทางแพทย์ฯ ฉบับพิเศษ 2017', '', '', 2, '', 2, '2017-04-21'),
(456, 'ศธ0514.7.1.2.3.4.1/4269', '', '2017-04-21', 'รอง.ผอ.ฝ่ายวิจัย ศูนย์วิจัยฯ (รศ.ดร.เบญจมาศ พระธานี)', 'รศ.ทพ.มนเทียร มโนสุดประสิทธิ์ (ภาควิชาทันตกรรมจัดฟัน)', 'ตอบรับบทความเข้าระบบการตีพิมพ์ JMED15-2017', '', '', 2, '', 2, '2017-04-21'),
(457, 'ศธ0514.7.1.2.3.4.1/4270', '', '2017-04-21', 'รอง.ผอ.ฝ่ายวิจัย ศูนย์วิจัยฯ (รศ.ดร.เบญจมาศ พระธานี)', 'ศ.นพ.บวรศิลป์ เชาวน์ชื่น (ภาควิชาศัลยศาสตร์)', 'ขอความอนุเคราะห์ตรวจสอบบทความเพื่อตีพิมพ์ในวารสารจดหมายเหตุทางแพทย์ฯ ฉบับพิเศษ 2017 (JMED15)', '', '', 2, '', 2, '2017-04-21'),
(458, 'ศธ0514.7.1.2.3.4.1/4271', '', '2017-04-21', 'รอง.ผอ.ฝ่ายวิจัย ศูนย์วิจัยฯ (รศ.ดร.เบญจมาศ พระธานี)', 'ศ.พญ.อรุณี เจตศรีสุภาพ (ภาควิชากุมารเวชศาสตร์)', 'ขอความอนุเคราะห์ตรวจสอบบทความเพื่อตีพิมพ์ในวารสารจดหมายเหตุทางแพทย์ฯ ฉบับพิเศษ 2017 (JMED15)', '', '', 2, '', 2, '2017-04-21'),
(459, '1305', 'ศธ 0514.7.1.2.3.4.1/4270', '2017-04-21', 'รองผู้อำนวยการฝ่ายวิจัย (รศ.ดร.เบญจมาศ พระธานี)', 'ศาสตราจารย์ นพ.บวรศิลป์ เชาวน์ชื่น', 'ขอความอนุเคราะห์ตรวจสอบบทความเพื่อตีพิมพ์ในวารสารจดหมายเหตุทางแพทย์ฯ ฉบับพิเศษ ปี 2017 (JMED15)', '', '', 2, '', 1, '0000-00-00'),
(460, '1306', 'ศธ 0514.7.1.2.3.4.1/4267', '2017-04-21', 'รองผู้อำนวยการฝ่ายวิจัย (รศ.ดร.เบญจมาศ พระธานี)', 'ศาสตราจารย์ นพ.บวรศิลป์ เชาวน์ชื่น', 'ขอความอนุเคราะห์ตรวจสอบบทความเพื่อตีพิมพ์ในวารสารจดหมายเหตุทางแพทย์ฯ ฉบับพิเศษ ปี 2017 (JMED14)', '', '', 2, '', 1, '0000-00-00'),
(461, '1390', 'ศธ.0514.7.2.3/505/60', '2017-04-21', 'ภาควิชาจิตเวชศาสตร์', 'ผู้อำนวยการศูนย์ตะวันฉาย', 'ยินดีให้บุคลากรในสังกัดเข้าร่วมประชุมเชิงปฏิบัติการ (รศ.นิรมล พัจนสุนทร, นส.จินตนา สิงขรอาจ,นายหัฏฐกร สำเร็จดี)', 'นางสาวภาวิณี รูปพรม', '', 3, '', 1, '0000-00-00'),
(462, '1307', 'ศธ 0514.7.1.2.4/082', '2017-04-20', 'นางแก้วใจ เทพสุธรรมรัตน์ (สำนักงานระบาดวิทยา)', 'ผู้อำนวยการศูนย์วิจัยผู้ป่วยปากแหว่ง เพดานโหว่ฯ', 'แจ้งความประสงค์ตีพิมพ์บทความลงในวารสารจดหมายเหตุทางแพทย์ 2017', '', '', 2, '', 1, '0000-00-00'),
(463, 'ศธ0514.7.1.2.3.4.1/4272', '', '2017-04-21', 'น.ส.นงลักษณ์ พรมขอนยาง (ผู้ช่วยวิจัยและธุรการ)', 'นางวาสนา จันทะชุม (หน่วยเวชระเบียนและสถิติ)', 'ขอส่งสำเนาเอกสารแบบแสดงหลักฐานการมีส่วนร่วมในผลงานทางวิชาการ', '', '', 2, '', 2, '2017-04-21'),
(464, 'ศธ0514.7.1.2.3.4.1/4273', '', '2017-04-21', 'น.ส.นงลักษณ์ พรมขอนยาง (ผู้ช่วยวิจัยและธุรการ)', 'นายชัยณรงค์ ทรงสังข์ (น่วยเวชระเบียนและสถิติ)', 'ขอส่งสำเนาเอกสารแบบแสดงหลักฐานการมีส่วนร่วมในผลงานทางวิชาการ', '', '', 2, '', 2, '2017-04-21'),
(465, 'ศธ0514.7.1.2.3.4.1/4274', '', '2017-04-21', 'น.ส.นงลักษณ์ พรมขอนยาง (ผู้ช่วยวิจัยและธุรการ)', 'รศ.นพ.สงวนศักดิ์ ธนาวิรัตนานิจ (ภาควิชาโสต ศอ นาสิกวิทยา)', 'ขอส่งสำเนาเอกสารแบบแสดงหลักฐานการมีส่วนร่วมในผลงานทางวิชาการ', '', '', 2, '', 2, '2017-04-21'),
(466, 'ศธ0514.7.1.2.3.4/1389', '', '2017-04-21', 'ศูนย์การดูแลผู้ป่วยปากแหว่งเพดานโหว่ฯ', 'หน่วยยานพาหนะ', 'ขอใช้รถยนต์(ตู้) เพื่อใช้ในราชการในวันที่ 24 เม.ย.2560 เวลา 11.00 - 13.00 น.', 'นางสาวภาวิณี รูปพรม', '', 3, '', 2, '2017-04-21'),
(467, 'ศธ0514.7.1.2.3.4.1/4275', '', '2017-04-21', 'รอง.ผอ.ฝ่ายวิจัย ศูนย์วิจัยฯ (รศ.ดร.เบญจมาศ พระธานี)', 'ศ.พญ.อรุณี เจตศรีสุภาพ (ภาควิชากุมารเวชศาสตร์)', 'ขอความอนุเคราะห์ตรวจสอบบทความเพื่อตีพิมพ์ในวารสารจดหมายเหตุทางแพทย์ฯ ฉบับพิเศษ 2017 (JMED05)', '', '', 2, '', 2, '2017-04-21'),
(468, 'ศธ0514.7.1.2.3.4.1/4276', '', '2017-04-21', 'รอง.ผอ.ฝ่ายวิจัย ศูนย์วิจัยฯ (รศ.ดร.เบญจมาศ พระธานี)', 'ศ.พญ.อรุณี เจตศรีสุภาพ (ภาควิชากุมารเวชศาสตร์)', 'ขอความอนุเคราะห์ตรวจสอบบทความเพื่อตีพิมพ์ในวารสารจดหมายเหตุทางแพทย์ฯ ฉบับพิเศษ 2017 (JMED06)', '', '', 2, '', 2, '2017-04-21'),
(469, 'ศธ0514.7.1.2.3.4.1/4277', '', '2017-04-21', 'รอง.ผอ.ฝ่ายวิจัย ศูนย์วิจัยฯ (รศ.ดร.เบญจมาศ พระธานี)', 'รศ.ทพ.มนเทียร มโนสุดประสิทธิ์ (ภาควิชาทันตกรรมจัดฟัน)', 'ตอบรับบทความเข้าระบบการตีพิมพ์ JMED16-2017', '', '', 2, '', 2, '2017-04-21'),
(470, 'ศธ0514.7.1.2.3.4.1/4278', '', '2017-04-21', 'รอง.ผอ.ฝ่ายวิจัย ศูนย์วิจัยฯ (รศ.ดร.เบญจมาศ พระธานี)', 'รศ.พญ.จตุรัตน์ กันต์พิทยา (ภาควิชารังสีวิทยา)', 'ขอความอนุเคราะห์ตรวจสอบบทความเพื่อตีพิมพ์ในวารสารจดหมายเหตุทางแพทย์ฯ ฉบับพิเศษ 2017 (JMED16)', '', '', 2, '', 2, '2017-04-21'),
(471, 'ศธ0514.7.1.2.3.4.1/4279', '', '2017-04-21', 'รอง.ผอ.ฝ่ายวิจัย ศูนย์วิจัยฯ (รศ.ดร.เบญจมาศ พระธานี)', 'ศ.นพ.บวรศิลป์ เชาวน์ชื่น (ภาควิชาศัลยศาสตร์)', 'ขอความอนุเคราะห์ตรวจสอบบทความเพื่อตีพิมพ์ในวารสารจดหมายเหตุทางแพทย์ฯ ฉบับพิเศษ 2017 (JMED16)', '', '', 2, '', 2, '2017-04-21'),
(472, '1308', 'ศธ 0514.7.1.2.3.4.1/4279', '2017-04-21', 'รองผู้อำนวยการฝ่ายวิจัย (รศ.ดร.เบญจมาศ พระธานี)', 'ศาสตราจารย์ นพ.บวรศิลป์ เชาวน์ชื่น', 'ขอความอนุเคราะห์ตรวจสอบบทความเพื่อตีพิมพ์ในวารสารจดหมายเหตุทางแพทย์ฯ ฉบับพิเศษ ปี 2017 (JMED16)', '', '', 2, '', 1, '0000-00-00'),
(473, '1391', 'ตวฉ.2119', '2017-04-11', 'มูลนิธิตะวันฉาย', 'นางสุธีรา ประดับวงษ์', 'เชิญเข้าร่วมกิจกรรมปลูดกต้นกัลปพฤกษ์ในโอกาสวันคล้ายพระราชสมภพ เพื่อเฉลิมพระเกียรติ สมเด็จพระเทพรัตนราชสุดาฯ สยามบรมราชกุมารี และเรียนเชิญเข้าร่วมประชุมสามัญประจำปี 2560', 'นางสาวภาวิณี รูปพรม', '', 3, '', 1, '0000-00-00'),
(474, 'ศธ0514.7.1.2.3.4/1390', '', '2017-04-24', 'เจ้าหน้าที่บัญชีและการเงิน', 'กรรมการและเลขานุการศูนย์ตะวันฉาย', 'ขออนุมัติและเบิกจ่ายเงินทุนวิจัย นางสาวรำพรรณ  ภัทรนิตย์ งวดที่ 2และ3', '', '', 3, '', 2, '2017-04-24'),
(475, '2087', '-', '2017-04-18', 'นางสาวเมทินี พริ้งศิรินันทกุล', 'มูลนิธิตะวันฉาย เพื่อผู้ป่วยปากแหว่ง เพดานโหว่และพิการทางศีรษะและใบหน้า', 'เรียนเชิญผู้บริหารหรือตัวแทนและสอบถามเกี่ยวกับการประชาสัมพันธ์วันงาน', '', '', 1, '', 1, '0000-00-00'),
(476, 'ศธ0514.7.1.2.3.4/1391', '', '2017-04-25', 'กรรมการและเลขานุการ', 'ผู้อำนวยการศูนย์ตะวันฉาย', 'ขออนุมัติและเบิกค่าใช้จ่ายประจำเดือนเมษายน 2560', '', '', 3, '', 2, '2017-04-25'),
(477, 'ตวฉ/2124', '', '0000-00-00', 'กรรมการและเลขานุการ', 'ประธานมูลนิธิตะวันฉายฯ', 'ขออนุมัติและเบิกจ่ายเงินอุดหนุนโครงการ อบจ.ครั้งที่5', '', '', 1, '', 2, '0000-00-00'),
(478, 'ตวฉ/2125', '', '0000-00-00', 'กรรมการและเลขานุการ', 'ประธานมูลนิธิตะวันฉายฯ', 'ขออนุมัติและเบิกค่าใช้จ่ายประจำเดือนเมษายน 2560', '', '', 1, '', 2, '0000-00-00'),
(479, 'ศธ0514.7.1.2.3.4/1392', '', '2017-04-25', 'กรรมการ', 'ผู้อำนวยการศูนย์ตะวันฉาย', 'ขออนุมัติและเบิกจ่ายเงินจากบัญชีทุนผู้ช่วยวิจัยฯ ประจำเดือนเมษายน 2560', '', '', 3, '', 2, '2017-04-25'),
(480, 'ศธ0514.7.1.2.3.4/1393', '', '2017-04-26', 'ผู้อำนวยการศูนย์ความเป็นเลิศตะวันฉาย', 'หัวหน้างานสนับสนุนบริการสู่ความเป็นเลิศ', 'ตอบรับสมัครเพื่อรับรองมาตรฐานการรับรองเฉพาะโรค(ศูนย์ความเป็นเลิศตะวันฉาย)', 'นางสาวภาวิณี รูปพรม', '', 3, '', 2, '2017-04-26'),
(481, 'ศธ0514.7.1.2.3.4/1394', '', '2017-04-26', 'ผู้อำนวยการศูนย์การดูแลผู้ป่วยปากแหว่งเพดานโหว่ฯและศูนย์ความเป็นเลิศตะวันฉายฯ', 'นายกเทศมนตรีนครขอนแก่น', 'ขอความอนุเคราะห์ขอใช้รถยนต์สำหรับรับส่งครอบครัวผู้ป่วยเข้าร่วมประชุมเชิงปฏิบัติการฯ(ด่วนที่สุด)', 'นางสาวภาวิณี รูปพรม', '', 3, 'ขออนุมัติใช้รถยนต์จากเทศบาลนครขอนแก่น.docx', 2, '2017-04-26'),
(482, 'ศธ0514.7.1.2.3.4/1395', '', '2017-04-26', 'ผู้อำนวยการศูนย์ตะวันฉาย', 'หัวหน้างานบริการพยาบาล', 'ขออนุมัติบุคลากรในสังกัดเข้าร่วมประชุมเชิงปฏิบัติการ', 'นางสาวภาวิณี รูปพรม', '', 3, 'หัวหน้างานพยาบาล 2.docx', 2, '2017-04-26'),
(483, 'ศธ0514.7.1.2.3.4/1396', '', '2017-04-26', 'ผู้อำนวยการศูนย์ตะวันฉาย', 'หัวหน้าภาควิชาทันตกรรมสำหรับเด็ก', 'ขออนุมัติบุคลากรในสังกัดเข้าร่วมประชุมเชิงปฏิบัติการ', 'นางสาวภาวิณี รูปพรม', '', 3, 'หัวหน้าภาควิชาทันตกรรมสำหรับเด็ก.docx', 2, '2017-04-26'),
(484, 'ศธ0514.7.1.2.3.4/1397', '', '2017-04-26', 'ผู้อำนวยการศูนย์ตะวันฉาย', 'หัวหน้างานสังคมสงเคราะห์', 'ขออนุมัติบุคลากรในสังกัดเข้า่รวมโครงการประชุมเชิงปฏิบัติการ', 'นางสาวภาวิณี รูปพรม', '', 3, 'หัวหน้างานสังคมสงเคราะห์.docx', 2, '2017-04-26'),
(485, 'ศธ0514.7.1.2.3.4/ว.1398', '', '2017-04-26', 'ผู้อำนวยการศูนย์ตะวันฉาย', 'แขกผู้เกียรติ', 'ขอเรียนเชิญเข้าร่วมพิธีเปิดโครงการประชุมเชิงปฏิบัติการฯ', 'นางสาวภาวิณี รูปพรม', '', 3, 'หนังสือเวียน เชิญเข้าร่วมพิธีเปิด.docx', 2, '2017-04-26'),
(486, 'ตวฉ/2126', '', '2017-04-27', 'ประธานกรรมการมูลนิธิตะวันฉาย', 'คุณศิรินภา เซี่ยงหลิว (ผู้บริจาค)', 'ขอขอบคุณที่ท่านได้กรุณาบริจาคเงินจำนวน 500 บาท เข้าบัญชีมูลนิธิตะวันฉาย', '', '', 1, '', 2, '0000-00-00'),
(487, 'ตวฉ/2127', '', '2017-04-27', 'ประธานกรรมการมูลนิธิตะวันฉาย', 'คุณศิรินภา เซี่ยงหลิว (ผู้บริจาค)', 'ขอขอบคุณที่ท่านได้กรุณาบริจาคเงินจำนวน 500 บาท เข้าบัญชีมูลนิธิตะวันฉาย', '', '', 1, '', 2, '0000-00-00'),
(488, 'ตวฉ/2128', '', '2017-04-27', 'ประธานกรรมการมูลนิธิตะวันฉาย', 'ห้างหุ้นส่วนจำกัด เอส.เอ็น.ซีเทรดดิ้ง', 'ขอขอบคุณที่ท่านได้กรุณาบริจาคเงินจำนวน 2,000 บาท เข้าบัญชีมูลนิธิตะวันฉาย', '', '', 1, '', 2, '0000-00-00'),
(489, 'ตวฉ/2129', '', '2017-04-27', 'ประธานกรรมการมูลนิธิตะวันฉาย', 'คุณองอาจ ฉัตรวรชัย (ผู้บริจาค)', 'ขอขอบคุณที่ท่านได้กรุณาบริจาคเงินจำนวน 480 บาท เข้าบัญชีมูลนิธิตะวันฉาย', '', '', 1, '', 2, '0000-00-00'),
(490, 'ตวฉ/2130', '', '2017-04-27', 'ประธานกรรมการมูลนิธิตะวันฉาย', 'คุณสุกัญญา สมสง่า (ผู้บริจาค)', 'ขอขอบคุณที่ท่านได้กรุณาบริจาคเงินจำนวน 1,000 บาท เข้าบัญชีมูลนิธิตะวันฉาย', '', '', 1, '', 2, '0000-00-00'),
(491, 'ตวฉ/2131', '', '2017-04-27', 'ประธานกรรมการมูลนิธิตะวันฉาย', 'คุณกาญจนา สาหมาน (ผู้บริจาค)', 'ขอขอบคุณที่ท่านได้กรุณาบริจาคเงินจำนวน 500 บาท เข้าบัญชีมูลนิธิตะวันฉาย', '', '', 1, '', 2, '0000-00-00'),
(492, 'ตวฉ/2132', '', '2017-04-27', 'ประธานกรรมการมูลนิธิตะวันฉาย', 'คุณมลิวัลย์ ทองเทพ (ผู้บริจาค)', 'ขอขอบคุณที่ท่านได้กรุณาบริจาคเงินจำนวน 40,000 บาท เข้าบัญชีมูลนิธิตะวันฉาย', '', '', 1, '', 2, '0000-00-00'),
(493, 'ตวฉ/2133', '', '2017-04-27', 'ประธานกรรมการมูลนิธิตะวันฉาย', 'คุณภคพร ทองเทพ (ผู้บริจาค)', 'ขอขอบคุณที่ท่านได้กรุณาบริจาคเงินจำนวน 10,000 บาท เข้าบัญชีมูลนิธิตะวันฉาย', '', '', 1, '', 2, '0000-00-00'),
(494, 'ตวฉ/2134', '', '2017-04-27', 'ประธานกรรมการมูลนิธิตะวันฉาย', 'คุณรุ่งโรจน์ ดีก้องเสียง (ผู้บริจาค)', 'ขอขอบคุณที่ท่านได้กรุณาบริจาคเงินจำนวน 500 บาท เข้าบัญชีมูลนิธิตะวันฉาย', '', '', 1, '', 2, '0000-00-00'),
(495, 'ตวฉ/2135', '', '2017-04-27', 'ประธานกรรมการมูลนิธิตะวันฉาย', 'คุณเล็ก ทองลิ่มสุด (ผู้บริจาค)', 'ขอขอบคุณที่ท่านได้กรุณาบริจาคเงินจำนวน 1,000 บาท เข้าบัญชีมูลนิธิตะวันฉาย', '', '', 1, '', 2, '0000-00-00'),
(496, 'ตวฉ/2136', '', '2017-04-27', 'ประธานกรรมการมูลนิธิตะวันฉาย', 'คุณดุษณี จิรัฐพิกาลพงศ์ (ผู้บริจาค)', 'ขอขอบคุณที่ท่านได้กรุณาบริจาคเงินจำนวน 6,000 บาท เข้าบัญชีมูลนิธิตะวันฉาย', '', '', 1, '', 2, '0000-00-00'),
(497, 'ศธ0514.7.1.2.3.4.1/4280', '', '2017-04-27', 'ศ.นพ.บวรศิลป์ เชาวน์ชื่น', 'ทพญ.ชัญญา ธีระโชติ', 'รับรองการตีพิมพ์บทความ', '', '', 2, 'รับรองการตีพิมพ์.jpg', 2, '2017-04-27'),
(498, '1309', 'ศธ 0514.1.61.1/ว.750', '2017-04-24', 'นายสมหวัง ทองนำ (รักษาการแทนผู้อำนวยการกองบริหารงานวิจัย)', 'ผู้อำนวยการศูนย์วิจัยผู้ป่วยปากแหว่ง เพดานโหว่ฯ', 'ขอเรียนเชิญเข้าร่วมประชุมรับฟังแนวปฏิบัติในการบริหารโครงการและการจ้างบุคคลเพื่อปฏิบัติงานภายในโครงการ ปีงบประมาณ 2560 ในวันที่ 27 เมษายน 2560 ระหว่างเวลา 13.30-14.30 น. ณ ห้องประชุมสิริคุณากร 3 ชั้น 2 อาคารสิริคุณากร มข.', '', '', 2, '', 1, '0000-00-00'),
(499, '1310', 'ศธ 0514.13.7/109', '2017-04-27', 'ผศ.ทพญ.จินดา เลิศศิริวรกุล (ภาควิชาทันตกรรมสำหรับเด็ก)', 'ผู้อำนวยการศูนย์วิจัยผู้ป่วยปากแหว่ง เพดานโหว่ฯ', 'แจ้งความประสงค์ตีพิมพ์บทความลงในวารสารจดหมายเหตุทางแพทย์ ปี 2017', '', '', 2, '', 1, '0000-00-00'),
(500, '1311', '-', '2017-04-26', 'ทพญ.ศุภมาศ ปริสัญโญดม', 'ผู้อำนวยการศูนย์วิจัยผู้ป่วยปากแหว่ง เพดานโหว่ฯ', 'แจ้งความประสงค์ตีพิมพ์บทความลงในวารสารจดหมายเหตุทางแพทย์ 2017', '', '', 2, '', 1, '0000-00-00'),
(501, 'ตวฉ/2137', '', '2017-04-27', 'ประธานกรรมการมูลนิธิตะวันฉาย', 'คณบดีวิทยาลัยนานาชาติ มหาวิทยาลัยขอนแก่น', 'ขอความอนุเคราะห์ส่งนักศึกษาเข้าร่วมโครงการ “การพัฒนารูปแบบการบริการที่สมบูรณ์แบบเพื่อการดูแลผู้ป่วยภาวะปากแหว่งเพดานโหว่ และความพิการแต่กำเนิดของศีรษะและใบหน้า ในพื้นที่จังหวัดขอนแก่น ครั้งที่ 5” ระหว่างวันที่ 5–6 พฤษภาคม 2560 ณ ชุดาปาร์ค รีสอร์ท แอนด์ โฮเต็ล อำเภอเมืองขอนแก่น จังหวัดขอนแก่น', '', '', 1, '', 2, '0000-00-00'),
(502, 'ศธ0514.7.1.2.3.4/1399', '', '2017-04-27', 'ผู้อำนวยการศูนย์ความเป็นเลิศตะวันฉายฯ', 'หัวหน้าภาควิชาจักษุวิทยา คณะแพทยศาสตร์', 'ขออนุมัติบุคลากรในสังกัดของท่านเข้าร่วมทีมสหวิทยาการของศูนย์ความเป็นเลิศตะวันฉายฯ', '', '', 3, '', 2, '2017-04-27'),
(503, 'ศธ0514.7.1.2.3.4/1400', '', '2017-04-27', 'ผู้อำนวยการศูนย์ตะวันฉาย', 'ผู้อำนวยการศูนย์การเรียนรู้การพัฒนาสตรีและครอบครัว', 'ขอเรียนเชิญประชุมเตรียมความพร้อมในการจัดโครงการประชุมเชิงปฏิบัติการฯ 1) นางสาวศิริมา ฤกษ์รัตนวราพร 2) นางวิภารัตน์ ศรีสุดตา ซึ่งให้เกียรติเป็นวิทยากรโครงการประชุมฯ ดังกล่าว เข้าร่วมประชุมเพื่อเตรียมความพร้อมในการจัดประชุม ในวันจันทร์ที่ 1 พฤษภาคม 2560 เวลา 12.00-13.30 น. ณ ห้องประชุมศูนย์ตะวันฉาย', '', '', 3, '', 2, '2017-04-27'),
(504, 'ศธ0514.7.1.2.3.4/1401', '', '2017-04-27', 'ผู้อำนวยการศูนย์ตะวันฉาย', 'คณะกรรมการบริหารศูนย์ตะวันฉายและคณะกรรมการดำเนินงานโครงการประชุมเชิงปฏิบัติการฯ อบจ.ปี 2560', 'ขอเรียนเชิญประชุมเตรียมความพร้อมในการจัดโครงการประชุมเชิงปฏิบัติการฯ คณะกรรมการดำเนินงานโครงการประชุมฯ ดังกล่าว เข้าร่วมประชุมเพื่อเตรียมความพร้อมในการจัดประชุม ในวันจันทร์ที่ 1 พฤษภาคม 2560 เวลา 12.00-13.30 น. ณ ห้องประชุมศูนย์ตะวันฉาย', '', '', 3, '', 2, '2017-04-27'),
(505, '1392', 'ศธ 0514.7.3.13.10/734', '2017-04-27', 'นางสมพร บุบผา โรว์ลี่ย์ (ผู้ช่วยพยาบาลชำนาญงาน ห้องตรวจศัลยกรรมเบอร์ 4', 'ผู้อำนวยการศูนย์ตะวันฉาย', 'ขอความอนุเคราะห์สนับสนุนเครื่องเสียงและเครื่องเล่นซีดี', '', '', 3, '', 1, '0000-00-00'),
(506, '1393', 'ศธ0514.7.2.14/ว.748', '2017-04-25', 'ภาควิชาศัลยศาสตร์', 'นางสุธีรา ประดับวงษ์ เลขานุการ PCT CL-CP', 'ขอเชิญประชุมคณะกรรมการทีมนำทางศัลยกรรม (CLT) ครั้งที่ 3/2560', 'นางสาวภาวิณี รูปพรม', '', 3, '', 1, '0000-00-00'),
(507, '1394', 'ศธ0514.7.1.3.19/พิเศษ', '2017-04-24', 'งานสนับสนุนบริการสู่ความเป็นเลิศ', 'หัวหน้าศูนย์ความเป็นเลิศ', 'สำเนาขออนุมัติตัวบุคคลเพื่อเดินทางไปราชการ', 'นางสาวภาวิณี รูปพรม', '', 3, '', 1, '0000-00-00'),
(508, '1312', 'ศธ 0514.7.2.18/442/60', '2017-04-18', 'อ.ดร.นพ.ภาธร ภิรมย์ไชย (ภาควิชาโสต ศอ นาสิกวิทยา)', 'ผู้อำนวยการศูนย์วิจัยผู้ป่วยปากแหว่ง เพดานโหว่ฯ', 'แจ้งความประสงค์ตีพิมพ์บทความลงในวารสารจดหมายเหตุทางแพทย์ 2017', '', '', 2, '', 1, '0000-00-00'),
(509, '1313', 'ศธ 0514.13.3/71', '2017-04-28', 'ทพญ.รวีวรรณ วงษ์เพชร (ภาควิชาทันตกรรมจัดฟัน)', 'ผู้อำนวยการศูนย์วิจัยผู้ป่วยปากแหว่ง เพดานโหว่ฯ', 'แจ้งความประสงค์ตีพิมพ์บทความลงในวารสารจดหมายเหตุทางแพทย์ 2017', '', '', 2, '', 1, '0000-00-00'),
(510, '1314', 'ศธ 0514.13.2/051', '2017-04-26', 'รศ.ทพญ.ดร.สุภาภรณ์ ฉัตรชัยวิวัฒนา (ภาควิชาชีววิทยาช่องปาก)', 'ผู้อำนวยการศูนย์วิจัยผู้ป่วยปากแหว่ง เพดานโหว่ฯ', 'แจ้งความประสงค์ตีพิมพ์บทความลงในวารสารจดหมายเหตุทางแพทย์ 2017', '', '', 2, '', 1, '0000-00-00'),
(511, '1315', 'ศธ 0514.7.2.18/448/60', '2017-04-27', 'รศ.ดร.เบญจมาศ พระธานี (ภาควิชาโสต ศอ นาสิกวิทยา)', 'ผู้อำนวยการศูนย์วิจัยผู้ป่วยปากแหว่ง เพดานโหว่ฯ', 'แจ้งความประสงค์ตีพิมพ์บทความลงในวารสารจดหมายเหตุทางแพทย์ 2017', '', '', 2, '', 1, '0000-00-00'),
(512, 'ศธ0514.7.1.2.3.4/1402', '', '2017-04-28', 'นางสาวพัชริดา ชูสุข', 'กรรมการและเลขานุการศูนย์การดูแลฯ', 'ขออนุมัติและเบิกจ่ายเงินกู้ยืมปลอดดอกเบี้ยศูนย์ตะวันฉาย', '', '', 3, '', 2, '2017-04-28'),
(513, 'ศธ0514.7.1.2.3.4/1403', '', '2017-04-28', 'ผู้อำนวยการศูนย์ตะวันฉาย', 'หัวหน้าหน่วยรักษาความปลอดภัย', 'ขอความอนุเคราะห์ขอที่จอดรถ', 'นางสาวภาวิณี รูปพรม', '', 3, 'ขอที่จอดรถ.docx', 2, '2017-04-28'),
(514, 'ศธ0514.7.1.2.3.4/1404', '', '2017-04-28', 'ผู้อำนวยการศูนย์ตะวันฉาย', 'หัวหน้าหน่วยอาคารสถานที่', 'ขอความอนุเคราะห์ขอใช้สถานที่ข้างตึก สว.1 และเจ้าหน้าที่จัดดอกไม้', 'นางสาวภาวิณี รูปพรม', '', 3, 'ขอใช้สถานที่, ขอเจ้าหน้าที่จัดดอกไม้และจีบผ้า.docx', 2, '2017-04-28'),
(515, 'ศธ0514.7.1.2.3.4.1/4281', '', '2017-04-28', 'ผู้อำนวยการศูนย์วิจัยผู้ป่วยปากแหว่งฯ', 'หัวหน้าภาควิชาศัลยศาสตร์', 'ขอเรียนเชิญเข้าร่วมโครงการประชุมวิชาการเชิงปฏิบัติการ เรื่อง การทำ protocol การดูแลรักษาแลัการส่งต่อโรคยากซับซ้อนแบบ Multidisciplinary Team Care ครั้งที่ 2  ในวันพุธที่ 17 พฤษภาคม พ.ศ.2560 เลา 12.00 - 17.00 น. ณ ห้องประชุมศูนย์ตะวันฉาย', '', '', 2, '', 2, '2017-04-28');
INSERT INTO `tb_main1` (`id_main1`, `registration`, `at`, `date`, `from`, `to`, `subject`, `practice`, `note`, `type_record`, `filename`, `type_document`, `date_record`) VALUES
(516, 'ศธ0514.7.1.2.3.4.1/4282', '', '2017-04-28', 'ผู้อำนวยการศูนย์วิจัยผู้ป่วยปากแหว่งฯ', 'หัวหน้าภาควิชาโสต ศอ นาสิกวิทยา', 'ขอเรียนเชิญเข้าร่วมโครงการประชุมวิชาการเชิงปฏิบัติการ เรื่อง การทำ protocol การดูแลรักษาแลัการส่งต่อโรคยากซับซ้อนแบบ Multidisciplinary Team Care ครั้งที่ 2  ในวันพุธที่ 17 พฤษภาคม พ.ศ.2560 เลา 12.00 - 17.00 น. ณ ห้องประชุมศูนย์ตะวันฉาย', '', '', 2, '', 2, '2017-04-28'),
(517, 'ศธ0514.7.1.2.3.4.1/4283', '', '2017-04-28', 'ผู้อำนวยการศูนย์วิจัยผู้ป่วยปากแหว่งฯ', 'หัวหน้าภาควิชารังสีวิทยา', 'ขอเรียนเชิญเข้าร่วมโครงการประชุมวิชาการเชิงปฏิบัติการ เรื่อง การทำ protocol การดูแลรักษาแลัการส่งต่อโรคยากซับซ้อนแบบ Multidisciplinary Team Care ครั้งที่ 2  ในวันพุธที่ 17 พฤษภาคม พ.ศ.2560 เลา 12.00 - 17.00 น. ณ ห้องประชุมศูนย์ตะวันฉาย', '', '', 2, '', 2, '2017-04-28'),
(518, 'ศธ0514.7.1.2.3.4.1/4284', '', '2017-04-28', 'ผู้อำนวยการศูนย์วิจัยผู้ป่วยปากแหว่งฯ', 'หัวหน้าภาควิชาจิตเวชศาสตร์', 'ขอเรียนเชิญเข้าร่วมโครงการประชุมวิชาการเชิงปฏิบัติการ เรื่อง การทำ protocol การดูแลรักษาแลัการส่งต่อโรคยากซับซ้อนแบบ Multidisciplinary Team Care ครั้งที่ 2  ในวันพุธที่ 17 พฤษภาคม พ.ศ.2560 เลา 12.00 - 17.00 น. ณ ห้องประชุมศูนย์ตะวันฉาย', '', '', 2, '', 2, '2017-04-28'),
(519, 'ศธ0514.7.1.2.3.4.1/4285', '', '2017-04-28', 'ผู้อำนวยการศูนย์วิจัยผู้ป่วยปากแหว่งฯ', 'หัวหน้าภาควิชาสูติศาสตร์และนรีเวชวิทยา', 'ขอเรียนเชิญเข้าร่วมโครงการประชุมวิชาการเชิงปฏิบัติการ เรื่อง การทำ protocol การดูแลรักษาแลัการส่งต่อโรคยากซับซ้อนแบบ Multidisciplinary Team Care ครั้งที่ 2  ในวันพุธที่ 17 พฤษภาคม พ.ศ.2560 เลา 12.00 - 17.00 น. ณ ห้องประชุมศูนย์ตะวันฉาย', '', '', 2, '', 2, '2017-04-28'),
(520, 'ศธ0514.7.1.2.3.4.1/4286', '', '2017-04-28', 'ผู้อำนวยการศูนย์วิจัยผู้ป่วยปากแหว่งฯ', 'หัวหน้าภาควิชากุมารเวชศาสตร์', 'ขอเรียนเชิญเข้าร่วมโครงการประชุมวิชาการเชิงปฏิบัติการ เรื่อง การทำ protocol การดูแลรักษาแลัการส่งต่อโรคยากซับซ้อนแบบ Multidisciplinary Team Care ครั้งที่ 2  ในวันพุธที่ 17 พฤษภาคม พ.ศ.2560 เลา 12.00 - 17.00 น. ณ ห้องประชุมศูนย์ตะวันฉาย', '', '', 2, '', 2, '2017-04-28'),
(521, 'ศธ0514.7.1.2.3.4.1/4287', '', '2017-04-28', 'ผู้อำนวยการศูนย์วิจัยผู้ป่วยปากแหว่งฯ', 'หัวหน้าภาควิชาจักษุวิทยา', 'ขอเรียนเชิญเข้าร่วมโครงการประชุมวิชาการเชิงปฏิบัติการ เรื่อง การทำ protocol การดูแลรักษาแลัการส่งต่อโรคยากซับซ้อนแบบ Multidisciplinary Team Care ครั้งที่ 2  ในวันพุธที่ 17 พฤษภาคม พ.ศ.2560 เลา 12.00 - 17.00 น. ณ ห้องประชุมศูนย์ตะวันฉาย', '', '', 2, '', 2, '2017-04-28'),
(522, 'ศธ0514.7.1.2.3.4.1/4288', '', '2017-04-28', 'ผู้อำนวยการศูนย์วิจัยผู้ป่วยปากแหว่งฯ', 'หัวหน้าภาควิชาวิสัญญีวิทยา', 'ขอเรียนเชิญเข้าร่วมโครงการประชุมวิชาการเชิงปฏิบัติการ เรื่อง การทำ protocol การดูแลรักษาแลัการส่งต่อโรคยากซับซ้อนแบบ Multidisciplinary Team Care ครั้งที่ 2  ในวันพุธที่ 17 พฤษภาคม พ.ศ.2560 เลา 12.00 - 17.00 น. ณ ห้องประชุมศูนย์ตะวันฉาย', '', '', 2, '', 2, '2017-04-28'),
(523, 'ศธ0514.7.1.2.3.4.1/4289', '', '2017-04-28', 'ผู้อำนวยการศูนย์วิจัยผู้ป่วยปากแหว่งฯ', 'หัวหน้าภาควิชาทันตกรรมจัดฟัน คณะทันตแพทยศาสตร์', 'ขอเรียนเชิญเข้าร่วมโครงการประชุมวิชาการเชิงปฏิบัติการ เรื่อง การทำ protocol การดูแลรักษาแลัการส่งต่อโรคยากซับซ้อนแบบ Multidisciplinary Team Care ครั้งที่ 2  ในวันพุธที่ 17 พฤษภาคม พ.ศ.2560 เลา 12.00 - 17.00 น. ณ ห้องประชุมศูนย์ตะวันฉาย', '', '', 2, '', 2, '2017-04-28'),
(524, 'ศธ0514.7.1.2.3.4.1/4290', '', '2017-04-28', 'ผู้อำนวยการศูนย์วิจัยผู้ป่วยปากแหว่งฯ', 'หัวหน้าภาควิชาศัลยศาสตร์ช่องปากและกระดูกขากรรไกร คณะทันตแพทยศาสตร์', 'ขอเรียนเชิญเข้าร่วมโครงการประชุมวิชาการเชิงปฏิบัติการ เรื่อง การทำ protocol การดูแลรักษาแลัการส่งต่อโรคยากซับซ้อนแบบ Multidisciplinary Team Care ครั้งที่ 2  ในวันพุธที่ 17 พฤษภาคม พ.ศ.2560 เลา 12.00 - 17.00 น. ณ ห้องประชุมศูนย์ตะวันฉาย', '', '', 2, '', 2, '2017-04-28'),
(525, 'ศธ0514.7.1.2.3.4.1/4291', '', '2017-04-28', 'ผู้อำนวยการศูนย์วิจัยผู้ป่วยปากแหว่งฯ', 'หัวหน้าภาควิชาทันตกรรมสำหรับเด็ก คณะทันตแพทยศาสตร์', 'ขอเรียนเชิญเข้าร่วมโครงการประชุมวิชาการเชิงปฏิบัติการ เรื่อง การทำ protocol การดูแลรักษาแลัการส่งต่อโรคยากซับซ้อนแบบ Multidisciplinary Team Care ครั้งที่ 2  ในวันพุธที่ 17 พฤษภาคม พ.ศ.2560 เลา 12.00 - 17.00 น. ณ ห้องประชุมศูนย์ตะวันฉาย', '', '', 2, '', 2, '2017-04-28'),
(526, 'ศธ0514.7.1.2.3.4.1/4292', '', '2017-04-28', 'ผู้อำนวยการศูนย์วิจัยผู้ป่วยปากแหว่งฯ', 'หัวหน้าภาควิชาทันตกรรมประดิษฐ์ คณะทันตแพทยศาสตร์', 'ขอเรียนเชิญเข้าร่วมโครงการประชุมวิชาการเชิงปฏิบัติการ เรื่อง การทำ protocol การดูแลรักษาแลัการส่งต่อโรคยากซับซ้อนแบบ Multidisciplinary Team Care ครั้งที่ 2  ในวันพุธที่ 17 พฤษภาคม พ.ศ.2560 เลา 12.00 - 17.00 น. ณ ห้องประชุมศูนย์ตะวันฉาย', '', '', 2, '', 2, '2017-04-28'),
(527, 'ศธ0514.7.1.2.3.4.1/4293', '', '2017-04-28', 'ผู้อำนวยการศูนย์วิจัยผู้ป่วยปากแหว่งฯ', 'หัวหน้างานบริการพยาบาล รพ.ศรีนครินทร์', 'ขอเรียนเชิญเข้าร่วมโครงการประชุมวิชาการเชิงปฏิบัติการ เรื่อง การทำ protocol การดูแลรักษาแลัการส่งต่อโรคยากซับซ้อนแบบ Multidisciplinary Team Care ครั้งที่ 2  ในวันพุธที่ 17 พฤษภาคม พ.ศ.2560 เลา 12.00 - 17.00 น. ณ ห้องประชุมศูนย์ตะวันฉาย', '', '', 2, '', 2, '2017-04-28'),
(528, 'ศธ0514.7.1.2.3.4.1/4294', '', '2017-04-28', 'ผู้อำนวยการศูนย์วิจัยผู้ป่วยปากแหว่งฯ', 'หัวหน้างานสังคมสงเคราะห์', 'ขอเรียนเชิญเข้าร่วมโครงการประชุมวิชาการเชิงปฏิบัติการ เรื่อง การทำ protocol การดูแลรักษาแลัการส่งต่อโรคยากซับซ้อนแบบ Multidisciplinary Team Care ครั้งที่ 2  ในวันพุธที่ 17 พฤษภาคม พ.ศ.2560 เลา 12.00 - 17.00 น. ณ ห้องประชุมศูนย์ตะวันฉาย', '', '', 2, '', 2, '2017-04-28'),
(529, 'ศธ0514.7.1.2.3.4/1405', '', '2017-04-28', 'ผู้อำนวยการศูนย์การดูแลผู้ป่วยปากแหว่งเพดานโหว่ฯและศูนย์ความเป็นเลิศตะวันฉายฯ', 'หัวหน้าภาควิชากุมารเวชศาสตร์', 'ขอส่งแนวทางการดูแลผู้ป่วยปากแหว่งเพดานโหว่ฯแบบสหวิทยาการ', 'นางสาวภาวิณี รูปพรม', '', 3, 'ส่งแนวทางการดูแลผู้ป่วยฯ ถึงหัวหน้าภาควิชากุมารเวชศาสตร์.docx', 2, '2017-04-28'),
(530, 'ศธ0514.7.1.2.3.4/1406', '', '2017-04-28', 'นางสุธีรา ประดับวงษ์', 'หัวหน้าหน่วยโสตทัศนศึกษา', 'ขอความอนุเคราะห์เครื่องเสียงชุดเล็ก และเจ้าหน้าที่ควบคุม', 'นางสาวภาวิณี รูปพรม', '', 3, 'ขอยืมเครื่องเสียง.doc', 2, '2017-04-28'),
(531, 'ศธ0514.7.1.2.3.4/1407', '', '2017-04-28', 'ผู้อำนวยการ', 'หัวหน้าหน่วยยานพาหนะ', 'ขออนุมัติใช้รถยนต์เพื่อรับส่งเจ้าหน้าที่ในวันที่ 5 พ.ค. 60', 'นางสาวภาวิณี รูปพรม', 'ขอในระบบจองรถยนต์ คณะแพทยศาสตร์', 3, '', 2, '2017-04-28'),
(532, 'ศธ0514.7.1.2.3.4.1/4295', '', '2017-05-01', 'น.ส.นงลักษณ์ พรมขอนยาง (ผู้ช่วยวิจัยและธุรการ)', 'ศาสตราจารย์วีรจิตต์ โชติมงคล (ภาควิชาอายุรศาสตร์)', 'ขอความอนุเคราะห์ตรวจสอบบทความเพื่อตีพิมพ์ในวารสารจดหมายเหตุทางแพทย์ฯ ฉบับพิเศษ 2017 (JMED06) รอบที่ 2', '', '', 2, '', 2, '2017-05-01'),
(533, 'ตวฉ/2138', '', '2017-05-02', 'ประธานกรรมการมูลนิธิตะวันฉาย', 'ผู้อำนวยการกองสื่อสารองค์กร มหาวิทยาลัยขอนแก่น', 'ขอความอนุเคราะห์เรียนเชิญสื่อมวลชน ถ่ายภาพและทำข่าวประชาสัมพันธ์ช่วงพิธีเปิดงานโครงการ อบจ.ปี 2560 เวลา 08.00-08.30 น', '', '', 1, '', 2, '0000-00-00'),
(534, 'ตวฉ/2139', '', '2017-05-02', 'ประธานกรรมการมูลนิธิตะวันฉาย', 'หัวหน้างานประชาสัมพันธ์ คณะแพทยศาสตร์', 'ขอความอนุเคราะห์เรียนเชิญสื่อมวลชน ถ่ายภาพและทำข่าวประชาสัมพันธ์ช่วงพิธีเปิดงานโครงการ อบจ.ปี 2560 เวลา 08.00-08.30 น', '', '', 1, '', 2, '0000-00-00'),
(535, 'ศธ0514.7.1.2.3.4/1408', '', '2017-05-02', 'ผู้อำนวยการศูนย์ตะวันฉาย', 'ผู้อำนวยการโรงพยาบาลศรีนครินทร์', 'ขออนุมัติใช้สิทธิ์ประกันสังคมของโรงพยาบาลศรีนครินทร์1. นางสาวพัชริดา ชูสุข ตำแหน่งเจ้าหน้าที่ผู้ช่วยวิจัยและธุรการ 2. นางสาวฐิตินันท์ สุพรรณคุ้ม 3. นางสาวกนกอร ตั้งจิตเจริญกิจ ตำแหน่งผู้ช่วยบริหารโครงการ', '', '', 3, '', 2, '2017-05-02'),
(536, 'ศธ0514.7.1.2.3.4.1/4296', '', '2017-05-02', 'หัวหน้ากองบรรณาธิการวารสารฯ และ ผู้อำนวยการศูนย์วิจัยผู้ป่วยปากแหว่ง เพดานโหว่ฯ', 'รศ.ทพ.มนเทียร มโนสุดประสิทธิ์ (ภาควิชาทันตกรรมจัดฟัน)', 'รับรองการตีพิมพ์บทความ “Three Dimensional Evaluation of Nose and Lip Morphology Changes after Presurgical Nasoalveolar Molding in Complete Unilateral Cleft Lip and Palate”', '', '', 2, '', 2, '2017-05-02'),
(537, 'ศธ0514.7.1.2.3.4.1/4297', '', '2017-05-02', 'หัวหน้ากองบรรณาธิการวารสารฯ และ ผู้อำนวยการศูนย์วิจัยผู้ป่วยปากแหว่ง เพดานโหว่ฯ', 'รศ.ทพ.มนเทียร มโนสุดประสิทธิ์ (ภาควิชาทันตกรรมจัดฟัน)', 'รับรองการตีพิมพ์บทความ Nose and Lip Morphology Changes after Presurgical Nasoalveolar Molding in Complete Unilateral Cleft Lip and Palate Patients by Direct Measurement: 2 Weeks Evaluation', '', '', 2, '', 2, '2017-05-02'),
(538, 'ศธ0514.7.1.2.3.4.1/4298', '', '2017-05-02', 'หัวหน้ากองบรรณาธิการวารสารฯ และ ผู้อำนวยการศูนย์วิจัยผู้ป่วยปากแหว่ง เพดานโหว่ฯ', 'รศ.ทพ.มนเทียร มโนสุดประสิทธิ์ (ภาควิชาทันตกรรมจัดฟัน)', 'รับรองการตีพิมพ์บทความ Dentofacial Asymmetry: A literature review', '', '', 2, '', 2, '2017-05-02'),
(539, '1316', 'ศธ 0514.1.61.3/ว.795', '2017-05-18', 'ผู้ช่วยอธิการบดีฝ่ายวิจัย มหาวิทยาลัยขอนแก่น', 'คณบดีคณะแพทยศาสตร์ (ผู้อำนวยการศูนย์ตะวันฉาย)', 'ขอความอนุเคราะห์ประชาสัมพันธ์การให้ทุนเพื่อเข้าร่วมการนำเสนอผลงานวิจัย ผลงานทางวิชาการ การแสดงผลงานทางศิลปะ การออกแบบสถาปัตยกรรม นวัตกรรม และสิ่งประดิษฐ์ ในการประชุมวิชาการนานาชาติในต่างประเทศ ประจำงวดที่ 5/2560', '', '', 2, '', 1, '0000-00-00'),
(540, '1317', 'ศธ 0514.1.61.3/ว.814', '2017-05-01', 'รักษาการแทนผู้อำนวยการกองบริหารงานวิจัย (นายสมหวัง ทองนำ)', 'ผู้อำนวยการศูนย์วิจัยผู้ป่วยปากแหว่ง เพดานโหว่ฯ', 'ขอความอนุเคราะห์ในการเชิญคณาจารย์/นักวิจัยเข้าร่วมรับฟังการบรรยายพิเศษ', '', '', 2, '', 1, '0000-00-00'),
(541, '1318', 'ศธ 0514.7.3.13.1/97/60', '2017-05-02', 'นางสุธีรา ประดับวงษ์ (กรรมการและเลขานุการ)', 'ผู้อำนวยการศูนย์วิจัยผู้ป่วยปากแหว่ง เพดานโหว่ฯ', 'ขออนุมัติทุนสนับสนุนการวิจัย เรื่อง การศึกษาการดูแลผู้ที่มีภาวะปากแหว่งเพดานโหว่ในแขวงจำปาสัก สาธารณรัฐประชาธิปไตยประชาชนลาว ระยะเวลา 6 เดือน  จำนวนเงิน 15,760 บาท', '', '', 2, '', 1, '0000-00-00'),
(542, 'ศธ0514.7.1.2.3.4/1409', '', '2017-05-03', '', '', '', '', '', 3, '', 2, '2017-05-03'),
(543, 'ศธ0514.7.1.2.3.4/1410', '', '2017-05-03', 'ผู้อำนวยการศูนย์ตะวันฉาย', 'คณบดีคณแพทยศาสตร์ มหาวิทยาลัยขอนแก่น', 'ขอเรียนเชิญเข้าร่วมพิธีเปิดโครงการประชุมเชิงปฏิบัติการฯ (ด่วนที่สุด)', 'นางสาวภาวิณี รูปพรม', '', 3, 'เชิญคณบดี คณะแพทย์ ร่วมพิธีเปิดโครงการฯ.docx', 2, '2017-05-03'),
(544, 'ศธ0514.7.1.2.3.4.1/4299', '', '2017-05-03', 'น.ส.นงลักษณ์ พรมขอนยาง (ผู้ช่วยวิจัยและธุรการ)', 'รศ.นพ.โกวิท ไชยศิวามงคล (ภาควิชากายวิภาคศาสตร์)', 'ขอความอนุเคราะห์ลงนามแบบขอรับการสนับสนุนค่าตอบแทนการตีพิมพ์', '', '', 2, '', 2, '2017-05-03'),
(545, 'ศธ0514.7.1.2.3.4/1411', '', '2017-05-03', 'ผู้อำนวยการศูนย์ตะวันฉาย', 'ผู้อำนายการโรงพยาบาลศรีนครินทร์', 'ขอความอนุเคราะห์ขอใช้สถานที่ข้างตึก สว. 1 และขอเรียนเชิญเข้าร่วมพิธีเปิดโครงการประชุมเชิงปฏิบัติการฯ', 'นางสาวภาวิณี รูปพรม', '', 3, 'เชิญ ผอ.รพ.ร่วมพิธีเปิดและขอใช้พื้นที่ข้างตึก สว..docx', 2, '2017-05-03'),
(546, 'ศธ0514.7.1.2.3.4/1412', '', '2017-05-03', 'ผู้อำนวยการศูนย์ความเป็นเลิศตะวันฉาย', 'หัวหน้างานสนับสนุนบริการสู่ความเป็นเลิศ', 'ขอเรียนเชิญให้เกียรติเข้าร่วมพิธีเปิดโครงการประชุมเชิงปฏิบัติการฯ', 'นางสาวภาวิณี รูปพรม', '', 3, 'เชิญ อ.ชวกิจเข้าร่วมพิธีเปิด.docx', 2, '2017-05-03'),
(547, 'ศธ0514.7.1.2.3.4.1/4300', '', '2017-05-03', 'รอง.ผอ.ฝ่ายวิจัย ศูนย์วิจัยฯ (รศ.ดร.เบญจมาศ พระธานี)', 'รองศาสตราจารย์ ทพญ.ดร.สุภาภรณ์ ฉัตรชัยวิวัฒนา (ภาควิชาชีววิทยาช่องปาก คณะทันตแพทยศาสตร์)', 'ตอบรับบทความเข้าระบบการตีพิมพ์ JMED21-2017', '', '', 2, '', 2, '2017-05-03'),
(548, 'ศธ0514.7.1.2.3.4.1/4301', '', '2017-05-03', 'รอง.ผอ.ฝ่ายวิจัย ศูนย์วิจัยฯ (รศ.ดร.เบญจมาศ พระธานี)', 'รศ.ดร.เบญจมาศ พระธานี (ภาควิชาโสต ศอ นาสิกวิทยา)', 'ตอบรับบทความเข้าระบบการตีพิมพ์ JMED22-2017', '', '', 2, '', 2, '2017-05-03'),
(549, 'ศธ0514.7.1.2.3.4.1/4302', '', '2017-05-03', 'รอง.ผอ.ฝ่ายวิจัย ศูนย์วิจัยฯ (รศ.ดร.เบญจมาศ พระธานี)', 'ศาสตราจารย์นายแพทย์กิตติศักดิ์ สวรรยาวิสุทธิ์ (ภาควิชาอายุรศาสตร์)', 'ขอความอนุเคราะห์ตรวจสอบบทความเพื่อตีพิมพ์ในวารสารจดหมายเหตุทางแพทย์ฯ ฉบับพิเศษ 2017 (JMED21)', '', '', 2, '', 2, '2017-05-03'),
(550, 'ศธ0514.7.1.2.3.4.1/4303', '', '2017-05-03', 'รอง.ผอ.ฝ่ายวิจัย ศูนย์วิจัยฯ (รศ.ดร.เบญจมาศ พระธานี)', 'รองศาสตราจารย์นายแพทย์ธีรพร รัตนาเอนกชัย (ภาควิชาโสต ศอ นาสิกวิทยา)', 'ขอความอนุเคราะห์ตรวจสอบบทความเพื่อตีพิมพ์ในวารสารจดหมายเหตุทางแพทย์ฯ ฉบับพิเศษ 2017 (JMED21)', '', '', 2, '', 2, '2017-05-03'),
(551, 'ศธ0514.7.1.2.3.4.1/4304', '', '2017-05-03', 'รอง.ผอ.ฝ่ายวิจัย ศูนย์วิจัยฯ (รศ.ดร.เบญจมาศ พระธานี)', 'รองศาสตราจารย์แพทย์หญิงจตุรัตน์ กันต์พิทยา (ภาควิชารังสีวิทยา)', 'ขอความอนุเคราะห์ตรวจสอบบทความเพื่อตีพิมพ์ในวารสารจดหมายเหตุทางแพทย์ฯ ฉบับพิเศษ 2017 (JMED22)', '', '', 2, '', 2, '2017-05-03'),
(552, 'ศธ0514.7.1.2.3.4.1/4305', '', '2017-05-03', 'รอง.ผอ.ฝ่ายวิจัย ศูนย์วิจัยฯ (รศ.ดร.เบญจมาศ พระธานี)', 'รองศาสตราจารย์นายแพทย์ธีรพร รัตนาเอนกชัย (ภาควิชาโสต ศอ นาสิกวิทยา)', 'ขอความอนุเคราะห์ตรวจสอบบทความเพื่อตีพิมพ์ในวารสารจดหมายเหตุทางแพทย์ฯ ฉบับพิเศษ 2017 (JMED22)', '', '', 2, '', 2, '2017-05-03'),
(553, '1319', 'ศธ 0514.7.2.18/466/60', '2017-04-30', 'รศ.ดร.เบญจมาศ พระธานี (ภาควิชาโสต ศอ นาสิกวิทยา)', 'ผู้อำนวยการศูนย์วิจัยผู้ป่วยปากแหว่ง เพดานโหว่ฯ', 'แจ้งความประสงค์ตีพิมพ์บทความลงในวารสารจดหมายเหตุทางแพทย์ 2017', '', '', 2, '', 1, '0000-00-00'),
(554, '1320', 'ศธ 0514.13.4/142', '2017-05-03', 'รศ.ทพญ.วิลาวัลย์ วีระอาชากุล (ภาควิชาทันตกรรมชุมชน)', 'ผู้อำนวยการศูนย์วิจัยผู้ป่วยปากแหว่ง เพดานโหว่ฯ', 'แจ้งความประสงค์ตีพิมพ์บทความลงในวารสารจดหมายเหตุทางแพทย์ 2017', '', '', 2, '', 1, '0000-00-00'),
(555, '1395', 'ศธ0514.7.1.2.3.4.1/4293', '2017-04-28', 'ศูนย์วิจัยผู้ป่วยปากแหว่งเพดานโหว่ฯ', 'หัวหน้างานบริการพยาบาล (สำเนาเรียนนางสุธีรา ประดับวงษ์)', 'ขอเรียนเชิญเข้าร่วมโครงการประชุมวิชาการเชิงปฏิบัติการ เรื่อง การจัดทำ Protocol การดูแลและการส่งต่อโรคยากซับซ้อนแบบ Multidisciplinary Team Care ครั้งที่ 2', 'นางสาวภาวิณี รูปพรม', '', 3, '', 1, '0000-00-00'),
(556, '1396', 'ศธ0514.7.3.13/859/60', '2017-05-02', 'งานบริการพยาบาล โรงพยาบาลศรีนครินทร์', 'ผู้ตรวจการแผนกการพยาบาลศัลยกรรมฯ', 'ขอข้อมูลสรุปการตรวจเยี่ยมหน่วยงานจากสถาบันพัฒนาคุณภาพสถานพยาบาล (สรพ.)', 'นางสาวภาวิณี รูปพรม', '', 3, '', 1, '0000-00-00'),
(557, '1321', 'ศธ 0514.1.61.3/ว.832', '2017-05-02', 'ผู้ช่วยอธิการบดีฝ่ายวิจัย มหาวิทยาลัยขอนแก่น', 'ผู้อำนวยการศูนย์วิจัยผู้ป่วยปากแหว่ง เพดานโหว่ฯ', 'ขอความอนุเคราะห์เสนอชื่อนักวิจัยเพื่อเป็นกรรมการผู้ทรงคุณวุฒิ', '', '', 2, '', 1, '0000-00-00'),
(558, '1322', 'ศธ 0514.7.2.19/พิเศษ', '2017-04-30', 'รองศาสตราจารย์นายแพทย์กิตติศักดิ์ สวรรยาวิสุทธิ์ (ภาควิชาอายุรศาสตร์)', 'ผู้อำนวยการศูนย์วิจัยผู้ป่วยปากแหว่ง เพดานโหว่ฯ', 'แจ้งความประสงค์ตีพิมพ์บทความลงในวารสารจดหมายเหตุทางแพทย์ 2017', '', '', 2, '', 1, '0000-00-00'),
(559, '1323', 'ศธ 0514.7.2.18/469/60', '2017-05-04', 'ผศ.สุรพล ซื่อตรง (ภาควิชาโสต ศอ นาสิกวิทยา)', 'ผู้อำนวยการศูนย์วิจัยผู้ป่วยปากแหว่ง เพดานโหว่ฯ', 'แจ้งความประสงค์ตีพิมพ์บทความลงในวารสารจดหมายเหตุทางแพทย์ 2017', '', '', 2, '', 1, '0000-00-00'),
(560, '1397', 'ศธ0514.7.1.2.3.4/1411', '2017-05-03', 'ศูนย์การดูแลผู้ป่วยปากแหว่งเพดานโหว่ฯ', 'ผู้อำนวยการโรงพยาบาลศรีนครินทร์', 'ขอความอนุเคราะห์ขอใช้สถานที่ข้างตึก สว.1 และขอเชิญร่วมพิธีเปิดโกครงการประชุมเชิงปฏิบัติการฯ', 'นางสาวภาวิณี รูปพรม', 'หนังสือตอบกลับอนุมัติการขอใช้สถานที่ วันที่ 5 พ.ค. 60', 3, '', 1, '0000-00-00'),
(561, 'ศธ0514.7.1.2.3.4.1/4306', '', '2017-05-08', 'รอง.ผอ.ฝ่ายวิจัย ศูนย์วิจัยฯ (รศ.ดร.เบญจมาศ พระธานี)', 'รองศาสตราจารย์นายแพทย์กิตติศักดิ์ สวรรยาวิสุทธิ์ (ภาควิชาอายุรศาสตร์)', 'ตอบรับบทความเข้าระบบการตีพิมพ์ JMED30-2017', '', '', 2, '', 2, '2017-05-08'),
(562, 'ศธ0514.7.1.2.3.4.1/4307', '', '2017-05-08', 'รอง.ผอ.ฝ่ายวิจัย ศูนย์วิจัยฯ (รศ.ดร.เบญจมาศ พระธานี)', 'รศ.พญ.จตุรัตน์ กันต์พิทยา (ภาควิชารังสีวิทยา)', 'ขอความอนุเคราะห์ตรวจสอบบทความเพื่อตีพิมพ์ในวารสารจดหมายเหตุทางแพทย์ฯ ฉบับพิเศษ 2017 (JMED30)', '', '', 2, '', 2, '2017-05-08'),
(563, 'ศธ0514.7.1.2.3.4.1/4308', '', '2017-05-08', 'รอง.ผอ.ฝ่ายวิจัย ศูนย์วิจัยฯ (รศ.ดร.เบญจมาศ พระธานี)', 'รศ.นพ.สมศักดิ์ เทียมเก่า (ภาควิชาอายุรศาสตร์)', 'ขอความอนุเคราะห์ตรวจสอบบทความเพื่อตีพิมพ์ในวารสารจดหมายเหตุทางแพทย์ฯ ฉบับพิเศษ 2017 (JMED30)', '', '', 2, '', 2, '2017-05-08'),
(564, 'ศธ0514.7.1.2.3.4.1/4309', '', '2017-05-08', 'รอง.ผอ.ฝ่ายวิจัย ศูนย์วิจัยฯ (รศ.ดร.เบญจมาศ พระธานี)', 'ทพญ.รวีวรรณ วงษ์เพชร (ภาควิชาทันตกรรมจัดฟัน คณะทันตแพทยศาสตร์)', 'ตอบรับบทความเข้าระบบการตีพิมพ์ JMED25-2017', '', '', 2, '', 2, '2017-05-08'),
(565, 'ศธ0514.7.1.2.3.4.1/4310', '', '2017-05-08', 'รอง.ผอ.ฝ่ายวิจัย ศูนย์วิจัยฯ (รศ.ดร.เบญจมาศ พระธานี)', 'ศ.นพ.บวรศิลป์ เชาวน์ชื่น (ภาควิชาศัลยศาสตร์)', 'ขอความอนุเคราะห์ตรวจสอบบทความเพื่อตีพิมพ์ในวารสารจดหมายเหตุทางแพทย์ฯ ฉบับพิเศษ 2017 (JMED25)', '', '', 2, '', 2, '2017-05-08'),
(566, 'ศธ0514.7.1.2.3.4.1/4311', '', '2017-05-08', 'รอง.ผอ.ฝ่ายวิจัย ศูนย์วิจัยฯ (รศ.ดร.เบญจมาศ พระธานี)', 'รศ.นพ.สมศักดิ์ เทียมเก่า (ภาควิชาอายุรศาสตร์)', 'ขอความอนุเคราะห์ตรวจสอบบทความเพื่อตีพิมพ์ในวารสารจดหมายเหตุทางแพทย์ฯ ฉบับพิเศษ 2017 (JMED25)', '', '', 2, '', 2, '2017-05-08'),
(567, 'ศธ0514.7.1.2.3.4.1/4312', '', '2017-05-08', 'รอง.ผอ.ฝ่ายวิจัย ศูนย์วิจัยฯ (รศ.ดร.เบญจมาศ พระธานี)', 'นางสาวศุภมาศ ปริสัญโญดม', 'ตอบรับบทความเข้าระบบการตีพิมพ์ JMED19-2017', '', '', 2, '', 2, '2017-05-08'),
(568, 'ศธ0514.7.1.2.3.4.1/4313', '', '2017-05-08', 'รอง.ผอ.ฝ่ายวิจัย ศูนย์วิจัยฯ (รศ.ดร.เบญจมาศ พระธานี)', 'รศ.นพ.ธีรพร รัตนาเอนกชัย (ภาควิชาโสต ศอ นาสิกวิทยา)', 'ขอความอนุเคราะห์ตรวจสอบบทความเพื่อตีพิมพ์ในวารสารจดหมายเหตุทางแพทย์ฯ ฉบับพิเศษ 2017 (JMED19)', '', '', 2, '', 2, '2017-05-08'),
(569, 'ศธ0514.7.1.2.3.4.1/4314', '', '2017-05-08', 'รอง.ผอ.ฝ่ายวิจัย ศูนย์วิจัยฯ (รศ.ดร.เบญจมาศ พระธานี)', 'ศ.นพ.พจน์ชวิทย์ อภินิเวศ (ภาควิชาศัลยศาสตร์)', 'ขอความอนุเคราะห์ตรวจสอบบทความเพื่อตีพิมพ์ในวารสารจดหมายเหตุทางแพทย์ฯ ฉบับพิเศษ 2017 (JMED19)', '', '', 2, '', 2, '2017-05-08'),
(570, 'ศธ0514.7.1.2.3.4.1/4315', '', '2017-05-08', 'รอง.ผอ.ฝ่ายวิจัย ศูนย์วิจัยฯ (รศ.ดร.เบญจมาศ พระธานี)', 'อ.ดร.นพ.ภาธร ภิรมย์ไชย (ภาควิชาโสต ศอ นาสิกวิทยา)', 'ตอบรับบทความเข้าระบบการตีพิมพ์ JMED17-2017', '', '', 2, '', 2, '2017-05-08'),
(571, 'ศธ0514.7.1.2.3.4.1/4316', '', '2017-05-08', 'รอง.ผอ.ฝ่ายวิจัย ศูนย์วิจัยฯ (รศ.ดร.เบญจมาศ พระธานี)', 'รศ.พญ.ขวัญชนก ยิ้มแต้ (ภาควิชาโสต ศอ นาสิกวิทยา)', 'ขอความอนุเคราะห์ตรวจสอบบทความเพื่อตีพิมพ์ในวารสารจดหมายเหตุทางแพทย์ฯ ฉบับพิเศษ 2017 (JMED17)', '', '', 2, '', 2, '2017-05-08'),
(572, 'ศธ0514.7.1.2.3.4.1/4317', '', '2017-05-08', 'รอง.ผอ.ฝ่ายวิจัย ศูนย์วิจัยฯ (รศ.ดร.เบญจมาศ พระธานี)', 'รศ.พญ.พัชรีพร แซ่เซียว(ภาควิชาโสต ศอ นาสิกวิทยา)', 'ขอความอนุเคราะห์ตรวจสอบบทความเพื่อตีพิมพ์ในวารสารจดหมายเหตุทางแพทย์ฯ ฉบับพิเศษ 2017 (JMED17)', '', '', 2, '', 2, '2017-05-08'),
(573, 'ศธ0514.7.1.2.3.4.1/4318', '', '2017-05-08', 'รอง.ผอ.ฝ่ายวิจัย ศูนย์วิจัยฯ (รศ.ดร.เบญจมาศ พระธานี)', 'รศ.ดร.เบญจมาศ พระธานี (ภาควิชาโสต ศอ นาสิกวิทยา)', 'ตอบรับบทความเข้าระบบการตีพิมพ์ JMED31-2017', '', '', 2, '', 2, '2017-05-08'),
(574, 'ศธ0514.7.1.2.3.4.1/4319', '', '2017-05-08', 'รอง.ผอ.ฝ่ายวิจัย ศูนย์วิจัยฯ (รศ.ดร.เบญจมาศ พระธานี)', 'รศ.พญ.นิรมล พัจนสุนทร (ภาควิชาจิตเวชศาสตร์)', 'ขอความอนุเคราะห์ตรวจสอบบทความเพื่อตีพิมพ์ในวารสารจดหมายเหตุทางแพทย์ฯ ฉบับพิเศษ 2017 (JMED31)', '', '', 2, '', 2, '2017-05-08'),
(575, 'ศธ0514.7.1.2.3.4.1/4320', '', '2017-05-08', 'รอง.ผอ.ฝ่ายวิจัย ศูนย์วิจัยฯ (รศ.ดร.เบญจมาศ พระธานี)', 'รศ.พญ.จตุรัตน์ กันต์พิทยา (ภาควิชารังสีวิทยา)', 'ขอความอนุเคราะห์ตรวจสอบบทความเพื่อตีพิมพ์ในวารสารจดหมายเหตุทางแพทย์ฯ ฉบับพิเศษ 2017 (JMED31)', '', '', 2, '', 2, '2017-05-08'),
(576, 'ศธ0514.7.1.2.3.4.1/4321', '', '2017-05-08', 'รอง.ผอ.ฝ่ายวิจัย ศูนย์วิจัยฯ (รศ.ดร.เบญจมาศ พระธานี)', 'ผู้ช่วยศาสตราจารย์ ทพญ.จินดา เลิศศิริวรกุล (ภาควิชาทันตกรรมสำหรับเด็ก)', 'ตอบรับบทความเข้าระบบการตีพิมพ์ JMED23-2017', '', '', 2, '', 2, '2017-05-08'),
(577, 'ศธ0514.7.1.2.3.4.1/4322', '', '2017-05-08', 'รอง.ผอ.ฝ่ายวิจัย ศูนย์วิจัยฯ (รศ.ดร.เบญจมาศ พระธานี)', 'รศ.พญ.สุภาภรณ์ ศรีร่มโพธิ์ทอง (ภาควิชาโสต ศอ นาสิกวิทยา)', 'ขอความอนุเคราะห์ตรวจสอบบทความเพื่อตีพิมพ์ในวารสารจดหมายเหตุทางแพทย์ฯ ฉบับพิเศษ 2017 (JMED23)', '', '', 2, '', 2, '2017-05-08'),
(578, 'ศธ0514.7.1.2.3.4.1/4323', '', '2017-05-08', 'รอง.ผอ.ฝ่ายวิจัย ศูนย์วิจัยฯ (รศ.ดร.เบญจมาศ พระธานี)', 'รศ.นพ.ธีรพร รัตนาเอนกชัย (ภาควิชาโสต ศอ นาสิกวิทยา)', 'ขอความอนุเคราะห์ตรวจสอบบทความเพื่อตีพิมพ์ในวารสารจดหมายเหตุทางแพทย์ฯ ฉบับพิเศษ 2017 (JMED23)', '', '', 2, '', 2, '2017-05-08');

-- --------------------------------------------------------

--
-- Table structure for table `tb_main_academic`
--

CREATE TABLE IF NOT EXISTS `tb_main_academic` (
  `id_main_academic` int(11) NOT NULL AUTO_INCREMENT,
  `id_firstname_academic` int(5) DEFAULT NULL,
  `id_activities` int(5) DEFAULT NULL,
  `begin_date` date DEFAULT NULL,
  `end_date` date DEFAULT NULL,
  `title` text CHARACTER SET utf8 COLLATE utf8_bin,
  `place` text CHARACTER SET utf8 COLLATE utf8_bin,
  `detail` text CHARACTER SET utf8 COLLATE utf8_bin,
  `expenses` int(10) DEFAULT NULL,
  `borrow` int(10) DEFAULT NULL,
  `note` text CHARACTER SET utf8 COLLATE utf8_bin NOT NULL,
  `begin_time` text NOT NULL,
  `end_time` time NOT NULL,
  PRIMARY KEY (`id_main_academic`)
) ENGINE=InnoDB  DEFAULT CHARSET=latin1 AUTO_INCREMENT=16 ;

--
-- Dumping data for table `tb_main_academic`
--

INSERT INTO `tb_main_academic` (`id_main_academic`, `id_firstname_academic`, `id_activities`, `begin_date`, `end_date`, `title`, `place`, `detail`, `expenses`, `borrow`, `note`, `begin_time`, `end_time`) VALUES
(1, 2, 6, '2017-01-06', '2017-01-31', 'หัวข้อ The 12 ht Khon kaen FESS course', 'ณ ห้องประชุมมิตรภาพ ชั้น 5', 'International course in advanced endoscopic sinus and skull base surgery: Handson dissection In fresh frozen cadavers', 300, 200, '--', '00:00:00', '00:00:00'),
(2, 9, 4, '2017-01-01', '2017-01-03', 'หัวข้อ The 12 ht Khon kaen FESS course & The 5th Khon Kaen', 'ณ ห้องประชุมมิตรภาพ ชั้น 3', 'International course in advanced endoscopic sinus and skull base surgery: Handson dissection In fresh frozen cadavers', 500, 400, '--', '00:00:00', '00:00:00'),
(4, 5, 3, '2017-01-25', '2017-01-31', 'ประชุมปรึกษาหารือแนวทางการเตรียมเลือดสำหรับเตรียมผ่าตัด', 'ณ ห้องประชุมคลังเลือดกลาง', 'ประชุมปรึกษาหารือแนวทางการเตรียมเลือดสำหรับเตรียมผ่าตัด', 0, 0, '', '00:00:00', '00:00:00'),
(5, 7, 3, '2017-01-17', '2017-01-20', '', '', '', 0, 0, '', '00:00:00', '00:00:00'),
(6, 1, 5, '2017-02-22', '2017-02-22', 'ดร.นพคุณ และอาจารย์อภิศักดิ์ พัฒนจักร เข้าปรึกษาหัวข้อวิจัยสารสนเทศ', 'ศูนย์ตะวันฉาย', 'ดร.นพคุณ และอาจารย์อภิศักดิ์ พัฒนจักร และทีมจากวิทยาเขตหนองคาย ขอเข้าปรึกษาหัวข้อการทำวิจัยสารสนเทศ', 0, 0, '', '09:00-11:00', '11:00:00'),
(7, 1, 5, '2017-03-14', '2017-03-14', 'เข้าร่วมเป็นเกียรติในงานพิธีมอบรางวัลเชิดชูผู้ทำความดีเพื่อสังคม รางวัลมีชัยฯ ประจำปี 2559', 'อาคารตลาดหลักทรัพย์ฯ  ถ.รัชดาภิเษก เขตดินแดง (ใกล้สถานทูตจีน)', 'ขอเรียนเชิญอดีตและผู้รับรางวัลปี 2559 เข้าร่วมเป็นเกียรติในงานพิธีมอบรางวัลเชิดชูผู้ทำความดีเพื่อสังคม รางวัลมีชัยฯ ประจำปี 2559', 0, 0, '1.ขอเชิญอดีตและผู้รับรางวัลปี 2559 รับประทานอาหารกลางวันตั้งแต่ 11.30 น. บริเวณชั้น 7 อาคารบี ตลาดหลักทรัพย์ฯ  ถ.รัชดาภิเษก 2.	      การแต่งกาย  :   สุภาพโทนสีขาว -ดำ', '13:30-15:00', '15:15:00'),
(8, 1, 0, '2017-02-22', '2017-02-22', 'เข้ารับรางวัลอาจารย์ดีเด่นสาขาวิทยาศาสตรฺ์สุขภาพ จากสภาพนักงาน', 'ห้องสิริคุณากร 3 อาคารสิริคุณากร สำนักงานอธิการบดี', '', 0, 0, '', '13.00-13.45', '00:00:00'),
(9, 1, 5, '2017-02-21', '0000-00-00', 'ที่ปรึกษา กิจกรรม EdPEx Coachig & Mentoring', 'คณะเกษตรศาสตร์ ม.ขอนแก่น', '', 0, 0, '', '9.30-16.00 ?.', '00:00:00'),
(10, 1, 5, '2017-02-23', '2017-02-26', 'เข้าร่วมประชุมสภามหาวิทยาลัยขอนแก่นครั้งที่ 3/2560', 'เมืองพัทยา จ.ชลบุรี', '', 0, 0, '', '', '00:00:00'),
(11, 1, 5, '2017-02-28', '2017-02-28', 'ที่ปรึกษา กิจกรรม EdPEx Coachig & Mentoring', 'คณะวิศวกรรมศาสตร์ ม.ขอนแก่น', '', 0, 0, '', '9.30-12.00 ?', '00:00:00'),
(12, 1, 5, '2017-02-28', '2017-02-28', 'ประชุมกรรมการประจำคณะแพทยศาสตร์', 'ห้องประชุมกวี', '', 0, 0, '', '14.00 ?.', '00:00:00'),
(13, 1, 0, '2017-02-14', '2017-02-17', 'เข้าร่วมประชุม HA National Forum ครั้งที่ 18', 'ศูนย์การประชุมอิมแพ็คเมืองทองธานี  จ.นนทบุรี', '', 0, 0, '', '', '00:00:00'),
(14, 1, 8, '2017-03-03', '2017-03-03', 'เป็นประธานคณะกรรมการสอบวิทยานิพนธ์', 'มหาวิทยาลัยนเรศวร', '', 0, 0, '', '13.00-16.00 ?.', '00:00:00'),
(15, 0, 0, '2017-03-10', '2017-03-10', 'เข้าร่วมประชุมและเป็นวิทยากรงานประชุมวิชาการนานาชาติ The 18th ACPS 2017', 'รร.อวานี่ริเวอร์ไซด์ กรุงเทพฯ', '', 0, 0, '', '', '00:00:00');

-- --------------------------------------------------------

--
-- Table structure for table `tb_sick`
--

CREATE TABLE IF NOT EXISTS `tb_sick` (
  `id_sick` int(11) NOT NULL AUTO_INCREMENT,
  `type_person` int(3) NOT NULL,
  `write` varchar(20) CHARACTER SET utf8 COLLATE utf8_bin NOT NULL,
  `date_write1` date NOT NULL,
  `subject` varchar(60) CHARACTER SET utf8 COLLATE utf8_bin NOT NULL,
  `study` varchar(70) CHARACTER SET utf8 COLLATE utf8_bin NOT NULL,
  `prename` int(2) NOT NULL,
  `first_name` varchar(20) CHARACTER SET utf8 COLLATE utf8_bin NOT NULL,
  `last_name` varchar(50) CHARACTER SET utf8 COLLATE utf8_bin NOT NULL,
  `position` varchar(40) CHARACTER SET utf8 COLLATE utf8_bin NOT NULL,
  `affiliation` varchar(40) CHARACTER SET utf8 COLLATE utf8_bin NOT NULL,
  `work` varchar(40) CHARACTER SET utf32 COLLATE utf32_bin NOT NULL,
  `tel` varchar(20) CHARACTER SET utf8 COLLATE utf8_bin NOT NULL,
  `cumulative` int(5) NOT NULL,
  `disease` int(2) NOT NULL,
  `disease_detail` varchar(50) CHARACTER SET utf8 COLLATE utf8_bin NOT NULL,
  `disease_person` varchar(50) CHARACTER SET utf8 COLLATE utf8_bin NOT NULL,
  `begin_date1` date NOT NULL,
  `end_date1` date NOT NULL,
  `count_date` int(5) NOT NULL,
  `me_leave` int(5) NOT NULL,
  `begin_date2` date NOT NULL,
  `end_date2` date NOT NULL,
  `count_date2` int(5) NOT NULL,
  `house_number` varchar(10) CHARACTER SET utf8 COLLATE utf8_bin NOT NULL,
  `road` varchar(50) CHARACTER SET utf8 COLLATE utf8_bin NOT NULL,
  `district` varchar(50) CHARACTER SET utf8 COLLATE utf8_bin NOT NULL,
  `district2` varchar(50) CHARACTER SET utf8 COLLATE utf8_bin NOT NULL,
  `province` varchar(30) CHARACTER SET utf8 COLLATE utf8_bin NOT NULL,
  `tel2` varchar(50) CHARACTER SET utf8 COLLATE utf8_bin NOT NULL,
  `sign_name` varchar(50) CHARACTER SET utf8 COLLATE utf8_bin NOT NULL,
  `sign_lastname` varchar(50) CHARACTER SET utf8 COLLATE utf8_bin NOT NULL,
  `sign_prename` varchar(50) CHARACTER SET utf8 COLLATE utf8_bin NOT NULL,
  `firstname3` varchar(50) CHARACTER SET utf8 COLLATE utf8_bin NOT NULL,
  `lastname3` varchar(30) CHARACTER SET utf8 COLLATE utf8_bin NOT NULL,
  `sick1` int(5) NOT NULL,
  `sick2` int(5) NOT NULL,
  `total_sick` int(10) NOT NULL,
  `sick_person1` int(10) NOT NULL,
  `sick_person2` int(5) NOT NULL,
  `total_sick_person` int(5) NOT NULL,
  `confined1` int(5) NOT NULL,
  `confined2` int(11) NOT NULL,
  `total_confined` int(5) NOT NULL,
  `inspector_name` varchar(50) CHARACTER SET utf8 COLLATE utf8_bin NOT NULL,
  `inspector_lastname` varchar(50) CHARACTER SET utf8 COLLATE utf8_bin NOT NULL,
  `inspector_position` varchar(50) CHARACTER SET utf8 COLLATE utf8_bin NOT NULL,
  `date_inspector` date NOT NULL,
  `supervisor_sick` int(5) NOT NULL,
  `supervisor_agree` int(3) NOT NULL,
  `first_name2` varchar(50) CHARACTER SET utf8 COLLATE utf8_bin NOT NULL,
  `last_name2` varchar(50) CHARACTER SET utf8 COLLATE utf8_bin NOT NULL,
  `postion2` varchar(100) CHARACTER SET utf8 COLLATE utf8_bin NOT NULL,
  `commander_date` date NOT NULL,
  `manager_allow` int(5) NOT NULL,
  `first_name3` varchar(50) CHARACTER SET utf8 COLLATE utf8_bin NOT NULL,
  `last_name3` varchar(50) CHARACTER SET utf8 COLLATE utf8_bin NOT NULL,
  `manager_position` varchar(50) CHARACTER SET utf8 COLLATE utf8_bin NOT NULL,
  `date_manager` date NOT NULL,
  `sick_disease` int(3) NOT NULL,
  PRIMARY KEY (`id_sick`)
) ENGINE=InnoDB  DEFAULT CHARSET=latin1 AUTO_INCREMENT=75 ;

--
-- Dumping data for table `tb_sick`
--

INSERT INTO `tb_sick` (`id_sick`, `type_person`, `write`, `date_write1`, `subject`, `study`, `prename`, `first_name`, `last_name`, `position`, `affiliation`, `work`, `tel`, `cumulative`, `disease`, `disease_detail`, `disease_person`, `begin_date1`, `end_date1`, `count_date`, `me_leave`, `begin_date2`, `end_date2`, `count_date2`, `house_number`, `road`, `district`, `district2`, `province`, `tel2`, `sign_name`, `sign_lastname`, `sign_prename`, `firstname3`, `lastname3`, `sick1`, `sick2`, `total_sick`, `sick_person1`, `sick_person2`, `total_sick_person`, `confined1`, `confined2`, `total_confined`, `inspector_name`, `inspector_lastname`, `inspector_position`, `date_inspector`, `supervisor_sick`, `supervisor_agree`, `first_name2`, `last_name2`, `postion2`, `commander_date`, `manager_allow`, `first_name3`, `last_name3`, `manager_position`, `date_manager`, `sick_disease`) VALUES
(74, 5, 'ศูนย์ตะวันฉายฯ', '2017-05-09', 'ขอลาพักผ่อนประจำปี', 'ผู้อำนวยการศูนย์ตะวันฉายฯ', 1, 'จัตุรงค์', 'เจริญฤทธิ์', 'นักสารสนเทศ', '---', '---', '043363123', 0, 4, 'หวัด', 'ญาตป่วย', '1899-11-22', '1899-11-29', 5, 3, '2017-05-01', '1899-11-24', 3, '481/25', 'มิตรภาพ', 'ในเมือง', 'เมือง', 'ขอนแก่น', '0865231475', 'จัตุรงค์', 'เจริญฤทธิ์', '3', 'จัตุรงค์', 'เจริญฤทธิ์', 5, 3, 8, 5, 6, 11, 4, 5, 9, 'สุชิรา', 'ประดับวงศ์', 'หัวหน้า', '2017-05-10', 2, 2, 'สุธีรา', 'ประดับวงศ์', 'หัวหน้า', '2017-05-02', 2, 'จัตุรงค์', 'เจริญฤทธิ์', 'นักสารสนเทศ', '2017-05-02', 0);

-- --------------------------------------------------------

--
-- Table structure for table `tb_type_record`
--

CREATE TABLE IF NOT EXISTS `tb_type_record` (
  `id_type_record` int(11) NOT NULL AUTO_INCREMENT,
  `detail_type_record` varchar(50) COLLATE utf8_bin NOT NULL,
  PRIMARY KEY (`id_type_record`)
) ENGINE=InnoDB  DEFAULT CHARSET=utf8 COLLATE=utf8_bin AUTO_INCREMENT=4 ;

--
-- Dumping data for table `tb_type_record`
--

INSERT INTO `tb_type_record` (`id_type_record`, `detail_type_record`) VALUES
(1, 'มูลนิธิตะวันฉายฯ'),
(2, 'ศูนย์วิจัยผู้่ป่วยปากแหว่งเพดานโหว่ฯ'),
(3, 'ศูนย์การดูแลผู้ป่วยปากแหว่งเพดานโหว่ฯ');

-- --------------------------------------------------------

--
-- Table structure for table `tb_user`
--

CREATE TABLE IF NOT EXISTS `tb_user` (
  `id_user` int(11) NOT NULL AUTO_INCREMENT,
  `username` varchar(20) COLLATE utf8_bin NOT NULL,
  `password` text COLLATE utf8_bin NOT NULL,
  `id_permission` int(2) NOT NULL,
  `firstname` varchar(30) COLLATE utf8_bin NOT NULL,
  `lastname` varchar(40) COLLATE utf8_bin NOT NULL,
  PRIMARY KEY (`id_user`)
) ENGINE=InnoDB  DEFAULT CHARSET=utf8 COLLATE=utf8_bin AUTO_INCREMENT=3 ;

--
-- Dumping data for table `tb_user`
--

INSERT INTO `tb_user` (`id_user`, `username`, `password`, `id_permission`, `firstname`, `lastname`) VALUES
(1, 'root', 'aabb2100033f0352fe7458e412495148', 1, 'jutturong', 'charoenrit'),
(2, 'client1', 'client1', 2, 'supachai', 'wongcheun');

-- --------------------------------------------------------

--
-- Table structure for table `tb_vacation`
--

CREATE TABLE IF NOT EXISTS `tb_vacation` (
  `id_vacation` int(11) NOT NULL AUTO_INCREMENT,
  `write` varchar(60) CHARACTER SET utf8 COLLATE utf8_bin NOT NULL,
  `date_write` date NOT NULL,
  `subject` varchar(60) CHARACTER SET utf8 COLLATE utf8_bin NOT NULL,
  `study` varchar(60) CHARACTER SET utf8 COLLATE utf8_bin NOT NULL,
  `prename` int(10) NOT NULL,
  `first_name` varchar(60) CHARACTER SET utf8 COLLATE utf8_bin NOT NULL,
  `last_name` varchar(60) CHARACTER SET utf8 COLLATE utf8_bin NOT NULL,
  `position` varchar(60) CHARACTER SET utf8 COLLATE utf8_bin NOT NULL,
  `affiliation` varchar(80) CHARACTER SET utf8 COLLATE utf8_bin NOT NULL,
  `work` varchar(80) CHARACTER SET utf8 COLLATE utf8_bin NOT NULL,
  `tel` varchar(30) CHARACTER SET utf8 COLLATE utf8_bin NOT NULL,
  `cumulative` int(5) NOT NULL,
  `rest` int(5) NOT NULL,
  `total` int(5) NOT NULL,
  `current` int(5) NOT NULL,
  `keep` int(5) NOT NULL,
  `wishes` varchar(60) CHARACTER SET utf8 COLLATE utf8_bin NOT NULL,
  `date_begin` date NOT NULL,
  `end_date` date NOT NULL,
  `house_number` varchar(30) CHARACTER SET utf8 COLLATE utf8_bin NOT NULL,
  `road` varchar(50) CHARACTER SET utf8 COLLATE utf8_bin NOT NULL,
  `district` varchar(50) CHARACTER SET utf8 COLLATE utf8_bin NOT NULL,
  `city` varchar(50) CHARACTER SET utf8 COLLATE utf8_bin NOT NULL,
  `province` varchar(50) CHARACTER SET utf8 COLLATE utf8_bin NOT NULL,
  `tel_address` varchar(20) NOT NULL,
  `leave` int(10) NOT NULL,
  `leave_thistime` int(10) NOT NULL,
  `date_total_leave` int(10) NOT NULL,
  `sign` varchar(50) CHARACTER SET utf8 COLLATE utf8_bin NOT NULL,
  `presign` int(2) NOT NULL,
  `name_sign` varchar(50) CHARACTER SET utf8 COLLATE utf8_bin NOT NULL,
  `lastname_sign` varchar(50) CHARACTER SET utf8 COLLATE utf8_bin NOT NULL,
  `allowed` int(2) NOT NULL,
  `name_inspector` varchar(50) CHARACTER SET utf8 COLLATE utf8_bin NOT NULL,
  `lastname_inspector` varchar(100) CHARACTER SET utf8 COLLATE utf8_bin NOT NULL,
  `name_commander` varchar(50) CHARACTER SET utf8 COLLATE utf8_bin NOT NULL,
  `lastname_commander` varchar(100) CHARACTER SET utf8 COLLATE utf8_bin NOT NULL,
  `position_inspector` varchar(100) CHARACTER SET utf8 COLLATE utf8_bin NOT NULL,
  `position_commander` varchar(100) CHARACTER SET utf8 COLLATE utf8_bin NOT NULL,
  `date_inspector` date NOT NULL,
  `date_commander` date NOT NULL,
  `allow_manager` int(3) NOT NULL,
  `first_name2` varchar(30) CHARACTER SET utf8 COLLATE utf8_bin NOT NULL,
  `last_name2` varchar(60) CHARACTER SET utf8 COLLATE utf8_bin NOT NULL,
  `last_position` varchar(80) CHARACTER SET utf8 COLLATE utf8_bin NOT NULL,
  `last_date` date NOT NULL,
  `type_person` int(2) NOT NULL,
  PRIMARY KEY (`id_vacation`)
) ENGINE=InnoDB  DEFAULT CHARSET=latin1 AUTO_INCREMENT=16 ;

--
-- Dumping data for table `tb_vacation`
--

INSERT INTO `tb_vacation` (`id_vacation`, `write`, `date_write`, `subject`, `study`, `prename`, `first_name`, `last_name`, `position`, `affiliation`, `work`, `tel`, `cumulative`, `rest`, `total`, `current`, `keep`, `wishes`, `date_begin`, `end_date`, `house_number`, `road`, `district`, `city`, `province`, `tel_address`, `leave`, `leave_thistime`, `date_total_leave`, `sign`, `presign`, `name_sign`, `lastname_sign`, `allowed`, `name_inspector`, `lastname_inspector`, `name_commander`, `lastname_commander`, `position_inspector`, `position_commander`, `date_inspector`, `date_commander`, `allow_manager`, `first_name2`, `last_name2`, `last_position`, `last_date`, `type_person`) VALUES
(9, 'ศูนย์ตะวันฉายฯ', '2017-04-03', 'ขอลาพักผ่อนประจำปี', 'ผู้อำนวยการศูนย์ตะวันฉายฯ', 1, 'จัตุรงค์', 'เจริญฤทธิ์', 'นักสารสนเทศ', '-', '-', '043363123', 6, 7, 13, 3, 5, '2', '2017-04-03', '2017-04-05', '584/7', 'มิตรภาพ', 'บ้านเป็ด', 'เมือง', 'ขอนแก่น', '0865421754', 5, 7, 12, 'จัตุรงค์ เจริญฤทธิ์', 1, 'จัตุรงค์', 'เจริญฤทธิ์', 1, 'กานดา', 'เวลเลอร์', 'สุชิรา', 'ประดับวงศ์', 'หัวหน้าระดับ1', 'หัวหน้าระดับ2', '2017-04-04', '2017-04-04', 1, 'จัตุรงค์', 'เจริญฤทธิ์', 'นักสารสนเทศ', '2017-04-05', 0),
(15, 'ศูนย์ตะวันฉายฯ12', '2017-04-04', 'ขอลาพักผ่อนประจำปี12', 'ผู้อำนวยการศูนย์ตะวันฉายฯ12', 1, 'จัตุรงค์12', 'เจริญฤทธิ์12', 'นักสารสนเทศ12', '-12', '-12', '043363123--', 66, 77, 11, 33, 55, '22', '2017-04-25', '2017-04-01', '584/77', 'มิตรภาพ145', 'บ้านเป็ด145', 'เมือง145', 'ขอนแก่น145', '0865421754---', 55, 77, 12, 'จัตุรงค์ เจริญฤทธิ์1458', 2, 'จัตุรงค์47', 'เจริญฤทธิ์89', 2, 'กานดา', 'เวลเลอร์', 'สุชิรา745', 'ประดับวงศ์789', 'หัวหน้าระดับ1', 'หัวหน้าระดับ22', '2017-04-04', '2017-04-23', 2, 'จัตุรงค์22', 'เจริญฤทธิ์33', 'นักสารสนเทศ44', '2017-04-28', 5);

/*!40101 SET CHARACTER_SET_CLIENT=@OLD_CHARACTER_SET_CLIENT */;
/*!40101 SET CHARACTER_SET_RESULTS=@OLD_CHARACTER_SET_RESULTS */;
/*!40101 SET COLLATION_CONNECTION=@OLD_COLLATION_CONNECTION */;
